<div>34. .. Qxb2 <br>Was ist Weiß Antwort? (3..5)</div><img src=6k1_7p_b4np1_3p4_2pN4_4QP2_Pq4PP_1B4K1_w_-_-_0_35+oriTrue.svg>	<div>35. Qe6+ Kg7 36. Qe7+ Kh6 37. Qf8+ Kg5 38. h4+<br></div><a href=https://lichess.org/analysis/6k1/7p/b4np1/3p4/2pN4/4QP2/Pq4PP/1B4K1_w_-_-_0_35?color=white><br>2.1&gt&gt8.0<br></a><img src=5Q2_7p_b4np1_3p2k1_2pN3P_5P2_Pq4P1_1B4K1_b_-_-_0_38+oriTrue.svg><footer>2023-11-02 21:36:24</footer>	 Endgames Endgames/Mixed 35-deep fen CM2023/Stephan
<div>36. .. Kg8 <br>Was ist Weiß Antwort? (5..8)</div><img src=6k1_4Q2p_b4np1_3p4_2pN4_5P2_Pq4PP_1B4K1_w_-_-_4_37+oriTrue.svg>	<div>37. Qxf6 Qxb1+ 38. Kf2 Qb2+ 39. Kg3 Bc8 40. Qd8+ Kg7 41. Qe7+ Kg8 42. Qe8+ Kg7 43. Qe5+ {Weiß räumt beide Bauern ab.}<br></div><a href=https://lichess.org/analysis/6k1/4Q2p/b4np1/3p4/2pN4/5P2/Pq4PP/1B4K1_w_-_-_4_37?color=white><br>3.9&gt&gt4.6(0.4)<br></a><img src=2b5_6kp_6p1_3pQ3_2pN4_5PK1_Pq4PP_8_b_-_-_11_43+oriTrue.svg><footer>2023-11-02 21:36:24</footer>	 Endgames Endgames/Mixed 37-deep fen CM2023/Stephan
<div>38. .. Kh5 <br>Was ist Weiß Antwort? (3..5)</div><img src=5Q2_7p_b4np1_3p3k_2pN3P_5P2_Pq4P1_1B4K1_w_-_-_1_39+oriTrue.svg>	<div>39. Qxf6 Qxb1+ 40. Kh2 Qb8+ 41. Kh3 Bc8+ 42. g4+<br></div><a href=https://lichess.org/analysis/5Q2/7p/b4np1/3p3k/2pN3P/5P2/Pq4P1/1B4K1_w_-_-_1_39?color=white><br>8.0&gt&gt2.0<br></a><img src=1qb5_7p_5Qp1_3p3k_2pN2PP_5P1K_P7_8_b_-_-_0_42+oriTrue.svg><footer>2023-11-02 21:36:24</footer>	 Endgames Endgames/Mixed 39-deep fen CM2023/Stephan
<div>40. .. Kh3 <br>Was ist Weiß Antwort? (3..5)</div><img src=8_7p_b4Qp1_3p4_2pN2P1_5P1k_Pq6_1B4K1_w_-_-_1_41+oriTrue.svg>	<div>41. Bc2 Qc1+ 42. Kf2 Qd2+ 43. Ne2<br></div><a href=https://lichess.org/analysis/8/7p/b4Qp1/3p4/2pN2P1/5P1k/Pq6/1B4K1_w_-_-_1_41?color=white><br>4.8(0.4)&gt&gt10.3<br></a><img src=8_7p_b4Qp1_3p4_2p3P1_5P1k_P1BqNK2_8_b_-_-_6_43+oriTrue.svg><footer>2023-11-02 21:36:24</footer>	 Endgames Endgames/Mixed 41-deep fen CM2023/Stephan
<div>42. .. Qh1 <br>Was ist Weiß Antwort? (2..3)</div><img src=8_7p_b4Qp1_3p4_2pN2P1_5P1k_P1B2K2_7q_w_-_-_5_43+oriTrue.svg>	<div>43. Ne2 Qh2+ 44. Ke3 d4+ 45. Qxd4<br></div><a href=https://lichess.org/analysis/8/7p/b4Qp1/3p4/2pN2P1/5P1k/P1B2K2/7q_w_-_-_5_43?color=white><br>5.0&gt&gt5.1(0.4)<br></a><img src=8_7p_b5p1_8_2pQ2P1_4KP1k_P1B1N2q_8_b_-_-_0_45+oriTrue.svg><footer>2023-11-02 21:36:24</footer>	 Endgames Endgames/Mixed 43-deep fen CM2023/Stephan
<div>44. .. d4 <br>Was ist Weiß Antwort? (3..5)</div><img src=8_7p_Q5p1_8_2pp2P1_5P1k_P1q1NK2_8_w_-_-_0_45+oriTrue.svg>	<div>45. Qd6 Kh4 46. Qxd4 Qxa2 47. Qe3 g5 48. Qe5 Qa7+ 49. Kg2<br></div><a href=https://lichess.org/analysis/8/7p/Q5p1/8/2pp2P1/5P1k/P1q1NK2/8_w_-_-_0_45?color=white><br>9.0&gt&gt2.0<br></a><img src=8_q6p_8_4Q1p1_2p3Pk_5P2_4N1K1_8_b_-_-_3_49+oriTrue.svg><footer>2023-11-02 21:36:24</footer>	 Endgames Endgames/Mixed 45-deep fen CM2023/Stephan
<div>28. b4 <br>Was ist Schwarz Antwort?</div><img src=6r1_4kp1R_pp2p3_8_1P3r2_P1P5_2K1R1P1_8_b_-_-_0_28+oriFalse.svg>	<div>28. .. b5<br></div><a href=https://lichess.org/analysis/6r1/4kp1R/pp2p3/8/1P3r2/P1P5/2K1R1P1/8_b_-_-_0_28?color=black><br>-0.6&gt&gt-0.4<br></a><img src=6r1_4kp1R_p3p3_1p6_1P3r2_P1P5_2K1R1P1_8_w_-_-_0_29+oriFalse.svg><footer>2023-11-02 21:36:24</footer>	 Endgames Endgames/Rooks 28-deep fen https://www.youtube.com/watch?v=Hc0Ki9oD2KI
<div>30. Rf2 <br>Was ist Schwarz Antwort? (2..3)</div><img src=6r1_4kp1R_p3p3_1p6_1P4r1_PKP5_5RP1_8_b_-_-_3_30+oriFalse.svg>	<div>30. .. R8g7 31. Rxg7 Rxg7<br></div><a href=https://lichess.org/analysis/6r1/4kp1R/p3p3/1p6/1P4r1/PKP5/5RP1/8_b_-_-_3_30?color=black><br>-0.2&gt&gt-0.1<br></a><img src=8_4kpr1_p3p3_1p6_1P6_PKP5_5RP1_8_w_-_-_0_32+oriFalse.svg><footer>2023-11-02 21:36:24</footer>	 Endgames Endgames/Rooks 30-deep fen https://www.youtube.com/watch?v=Hc0Ki9oD2KI
<div>32. a4 <br>Was ist Schwarz Antwort? (2..3)</div><img src=8_4kpr1_p3p3_1p6_PP6_1KP5_5RP1_8_b_-_-_0_32+oriFalse.svg>	<div>32. .. f5 33. axb5 axb5<br></div><a href=https://lichess.org/analysis/8/4kpr1/p3p3/1p6/PP6/1KP5/5RP1/8_b_-_-_0_32?color=black><br>-0.1&gt&gt-0.1<br></a><img src=8_4k1r1_4p3_1p3p2_1P6_1KP5_5RP1_8_w_-_-_0_34+oriFalse.svg><footer>2023-11-02 21:36:24</footer>	 Endgames Endgames/Rooks 32-deep fen https://www.youtube.com/watch?v=Hc0Ki9oD2KI
<div>34. Ra2 <br>Was ist Schwarz Antwort?</div><img src=8_4k1r1_4p3_1p3p2_1P6_1KP5_R5P1_8_b_-_-_1_34+oriFalse.svg>	<div>34. .. Kd6<br></div><a href=https://lichess.org/analysis/8/4k1r1/4p3/1p3p2/1P6/1KP5/R5P1/8_b_-_-_1_34?color=black><br>-0.1&gt&gt-2.1<br></a><img src=8_6r1_3kp3_1p3p2_1P6_1KP5_R5P1_8_w_-_-_2_35+oriFalse.svg><footer>2023-11-02 21:36:24</footer>	 Endgames Endgames/Rooks 34-deep fen https://www.youtube.com/watch?v=Hc0Ki9oD2KI
<div>49. b5 <br>Was ist Schwarz Antwort? (2..3)</div><img src=1R6_8_8_1P6_4kp2_1KP3r1_4p1P1_8_b_-_-_0_49+oriFalse.svg>	<div>49. .. Re3 50. Re8+ Kd5<br></div><a href=https://lichess.org/analysis/1R6/8/8/1P6/4kp2/1KP3r1/4p1P1/8_b_-_-_0_49?color=black><br>-17.0&gt&gt-14.0<br></a><img src=4R3_8_8_1P1k4_5p2_1KP1r3_4p1P1_8_w_-_-_3_51+oriFalse.svg><footer>2023-11-02 21:36:24</footer>	 Endgames Endgames/Rooks 49-deep fen https://www.youtube.com/watch?v=Hc0Ki9oD2KI
<div>49. Re8+ <br>Was ist Schwarz Antwort? (2..3)</div><img src=4R3_8_8_8_1P2kp2_1KP3r1_4p1P1_8_b_-_-_1_49+oriFalse.svg>	<div>49. .. Kd3 50. Rd8+ Ke3 51. Re8+ Kf2<br></div><a href=https://lichess.org/analysis/4R3/8/8/8/1P2kp2/1KP3r1/4p1P1/8_b_-_-_1_49?color=black><br>-17.0&gt&gt-59.6<br></a><img src=4R3_8_8_8_1P3p2_1KP3r1_4pkP1_8_w_-_-_6_52+oriFalse.svg><footer>2023-11-02 21:36:24</footer>	 Endgames Endgames/Rooks 49-deep fen https://www.youtube.com/watch?v=Hc0Ki9oD2KI
<div>61. .. Rb5+ <br>Was ist Weiß Antwort? (3..5)</div><img src=3R4_8_6P1_1r4K1_8_2kp1P2_8_8_w_-_-_7_62+oriTrue.svg>	<div>62. Kf6 Rb6+ 63. Kf7 Rb7+ 64. Kf8<br></div><a href=https://lichess.org/analysis/3R4/8/6P1/1r4K1/8/2kp1P2/8/8_w_-_-_7_62?color=white><br>53.0&gt&gt53.0<br></a><img src=3R1K2_1r6_6P1_8_8_2kp1P2_8_8_b_-_-_12_64+oriTrue.svg><footer>2023-11-02 21:36:24</footer>	 Endgames Endgames/Rooks 62-deep fen https://www.youtube.com/watch?v=0v96JDr4y_s,/12m
<div>64. Rc8+ <br>Was ist Schwarz Antwort? (3..5)</div><img src=2R5_6P1_7K_8_8_2kp1r2_8_8_b_-_-_1_64+oriFalse.svg>	<div>64. .. Kb2 65. g8Q Rh3+ 66. Kg7 Rg3+<br></div><a href=https://lichess.org/analysis/2R5/6P1/7K/8/8/2kp1r2/8/8_b_-_-_1_64?color=black><br>0.0&gt&gt0.0<br></a><img src=2R3Q1_6K1_8_8_8_3p2r1_1k6_8_w_-_-_3_67+oriFalse.svg><footer>2023-11-02 21:36:24</footer>	 Endgames Endgames/Rooks 64-deep fen https://www.youtube.com/watch?v=0v96JDr4y_s,/12m
<div>64. .. Kd2 <br>Was ist Weiß Antwort? (3..5)</div><img src=2R5_6P1_7K_8_8_3p1r2_3k4_8_w_-_-_2_65+oriTrue.svg>	<div>65. Rc5 Rh3+ 66. Rh5 Rg3 67. Rg5<br></div><a href=https://lichess.org/analysis/2R5/6P1/7K/8/8/3p1r2/3k4/8_w_-_-_2_65?color=white><br>0.0&gt&gt16.0<br></a><img src=8_6P1_7K_6R1_8_3p2r1_3k4_8_b_-_-_7_67+oriTrue.svg><footer>2023-11-02 21:36:24</footer>	 Endgames Endgames/Rooks 65-deep fen https://www.youtube.com/watch?v=0v96JDr4y_s,/12m
<div>37. b3 <br>Was ist Schwarz Antwort?</div><img src=8_pr2k3_4p1p1_3pP2p_2pP3P_1P3R2_P4PP1_6K1_b_-_-_0_37+oriFalse.svg>	<div>37. .. Rb4<br></div><a href=https://lichess.org/analysis/8/pr2k3/4p1p1/3pP2p/2pP3P/1P3R2/P4PP1/6K1_b_-_-_0_37?color=black><br>0.7(0.4)&gt&gt0.6(0.4)<br></a><img src=8_p3k3_4p1p1_3pP2p_1rpP3P_1P3R2_P4PP1_6K1_w_-_-_1_38+oriFalse.svg><footer>2023-11-02 21:36:24</footer>	 Endgames Endgames/Rooks 37-deep fen https://lichess.org/zubF6FNS
<div>39. Rf6 <br>Was ist Schwarz Antwort? (5..8)</div><img src=8_4k3_4pRp1_p2pP2p_1rpP3P_1P4P1_P4P2_6K1_b_-_-_1_39+oriFalse.svg>	<div>39. .. a4 40. bxc4 dxc4 41. Rf3 Rb3 42. Kg2 c3 43. axb3 c2<br></div><a href=https://lichess.org/analysis/8/4k3/4pRp1/p2pP2p/1rpP3P/1P4P1/P4P2/6K1_b_-_-_1_39?color=black><br>0.5(0.4)&gt&gt-2.7(0.4)<br></a><img src=8_4k3_4p1p1_4P2p_p2P3P_1P3RP1_2p2PK1_8_w_-_-_0_44+oriFalse.svg><footer>2023-11-02 21:36:24</footer>	 Endgames Endgames/Rooks 39-deep fen https://lichess.org/zubF6FNS
<div>42. Rg7+ <br>Was ist Schwarz Antwort? (5..8)</div><img src=8_4k1R1_4p3_4P2p_pr1P3P_2p3P1_P4P2_6K1_b_-_-_1_42+oriFalse.svg>	<div>41. .. Kd8 42. Rg8+ Kd7 43. Rg7+ Kc8 44. Rg8+ Kb7 45. Rg7+ Kc6<br></div><a href=https://lichess.org/analysis/8/4k1R1/4p3/4P2p/pr1P3P/2p3P1/P4P2/6K1_b_-_-_1_42?color=black><br>-6.7(0.4)&gt&gt-7.2(0.4)<br></a><img src=8_6R1_2k1p3_4P2p_pr1P3P_2p3P1_P4P2_6K1_w_-_-_10_47+oriFalse.svg><footer>2023-11-02 21:36:24</footer>	 Endgames Endgames/Rooks 42-deep fen https://lichess.org/zubF6FNS
<div>47. Rg8 <br>Was ist Schwarz Antwort?</div><img src=6R1_8_2k1p3_4P2p_pr1P3P_2p3P1_P4P2_6K1_b_-_-_11_47+oriFalse.svg>	<div>47. .. Rc4<br></div><a href=https://lichess.org/analysis/6R1/8/2k1p3/4P2p/pr1P3P/2p3P1/P4P2/6K1_b_-_-_11_47?color=black><br>-7.2(0.4)&gt&gt-7.2(0.4)<br></a><img src=6R1_8_2k1p3_4P2p_p1rP3P_2p3P1_P4P2_6K1_w_-_-_12_48+oriFalse.svg><footer>2023-11-02 21:36:24</footer>	 Endgames Endgames/Rooks 47-deep fen https://lichess.org/zubF6FNS
<div>53. Ke1 <br>Was ist Schwarz Antwort?</div><img src=8_8_4p3_7p_p1r4P_3k2P1_P1p2P2_2R1K3_b_-_-_5_53+oriFalse.svg>	<div>53. .. Re4+<br></div><a href=https://lichess.org/analysis/8/8/4p3/7p/p1r4P/3k2P1/P1p2P2/2R1K3_b_-_-_5_53?color=black><br>-8.8(0.4)&gt&gt-10.2(0.4)<br></a><img src=8_8_4p3_7p_p3r2P_3k2P1_P1p2P2_2R1K3_w_-_-_6_54+oriFalse.svg><footer>2023-11-02 21:36:24</footer>	 Endgames Endgames/Rooks 53-deep fen https://lichess.org/zubF6FNS
<div>Was zieht Weiß? (8..13)</div><img src=2K5_2P4R_8_k7_8_8_2r4p_8_w_-_-_0_1+oriTrue.svg>	<div>1. Kb7 Rb2+ 2. Ka7 Rc2 3. Rh5+ Ka4 4. Kb6 Rb2+ 5. Ka6 Rc2 6. Rh4+ Ka3 7. Kb6 Rb2+ 8. Ka5 Rc2 9. Rh3+ Ka2 10. Rxh2 {Das Lasker-Manöver. Weiß gewinnt}<br></div><a href=https://lichess.org/analysis/2K5/2P4R/8/k7/8/8/2r4p/8_w_-_-_0_1?color=white><br>64.1&gt&gt20.0<br></a><img src=8_2P5_8_K7_8_8_k1r4R_8_b_-_-_0_10+oriTrue.svg><footer>2023-11-02 21:36:24</footer>	 Endgames Endgames/Rooks 1-deep fen https://www.youtube.com/watch?v=sSLBHozJ6kM
<div>42. fxe4 <br>Was zieht Schwarz? (5..8)</div><img src=8_1p1n1p1k_7p_6p1_p1P1P3_P2rB2P_1P3K2_6R1_b_-_-_0_42+oriFalse.svg>	<div>42. .. Ne5 43. Ke2 Rb3 44. Bd4 Nf3 45. Rd1 Nxd4+ 46. Rxd4 Rxb2+<br></div><a href=https://lichess.org/analysis/8/1p1n1p1k/7p/6p1/p1P1P3/P2rB2P/1P3K2/6R1_b_-_-_0_42?color=black><br>-4.4&gt&gt-3.7<br></a><img src=8_1p3p1k_7p_6p1_p1PRP3_P6P_1r2K3_8_w_-_-_0_47+oriFalse.svg><footer>2023-11-02 21:36:24</footer>	 Endgames Endgames/Rooks 42-deep fen Muzychuk-Kashlinskaya-Munich-2023
<div>50. c5 <br>Was zieht Schwarz? (2..3)</div><img src=8_1p1R1p2_5k1p_2P3p1_p3P3_Pr5P_6K1_8_b_-_-_0_50+oriFalse.svg>	<div>50. .. h5 51. Rc7 h4<br></div><a href=https://lichess.org/analysis/8/1p1R1p2/5k1p/2P3p1/p3P3/Pr5P/6K1/8_b_-_-_0_50?color=black><br>-5.7&gt&gt-6.0<br></a><img src=8_1pR2p2_5k2_2P3p1_p3P2p_Pr5P_6K1_8_w_-_-_0_52+oriFalse.svg><footer>2023-11-02 21:36:24</footer>	 Endgames Endgames/Rooks 50-deep fen Muzychuk-Kashlinskaya-Munich-2023
<div>59. Ra8 <br>Was zieht Schwarz? (3..5)</div><img src=R7_8_6k1_6p1_p6p_r6P_7K_8_b_-_-_3_59+oriFalse.svg>	<div>59. .. Kf5 60. Rf8+ Ke4 61. Re8+ Kf3 62. Rf8+ Ke2<br></div><a href=https://lichess.org/analysis/R7/8/6k1/6p1/p6p/r6P/7K/8_b_-_-_3_59?color=black><br>-13.1&gt&gt-8.5<br></a><img src=5R2_8_8_6p1_p6p_r6P_4k2K_8_w_-_-_10_63+oriFalse.svg><footer>2023-11-02 21:36:24</footer>	 Endgames Endgames/Rooks 59-deep fen Muzychuk-Kashlinskaya-Munich-2023
<div>63. Ra8 <br>Was zieht Schwarz? (3..5)</div><img src=R7_8_8_6p1_p6p_r6P_4k2K_8_b_-_-_11_63+oriFalse.svg>	<div>63. .. Ra2 64. Ra5 Kf3+ 65. Kg1 g4 66. hxg4 Kg3 67. Kf1 h3<br></div><a href=https://lichess.org/analysis/R7/8/8/6p1/p6p/r6P/4k2K/8_b_-_-_11_63?color=black><br>-8.5&gt&gt-9.0<br></a><img src=8_8_8_R7_p5P1_6kp_r7_5K2_w_-_-_0_68+oriFalse.svg><footer>2023-11-02 21:36:24</footer>	 Endgames Endgames/Rooks 63-deep fen Muzychuk-Kashlinskaya-Munich-2023
<div>32. .. Rc3 <br>Was ist Weiß Antwort? (2..3)</div><img src=6k1_pp3pp1_8_P2RP2p_3P4_2r1PKPP_r7_1R6_w_-_-_3_33+oriTrue.svg>	<div>33. e6 fxe6 34. Rxh5<br></div><a href=https://lichess.org/analysis/6k1/pp3pp1/8/P2RP2p/3P4/2r1PKPP/r7/1R6_w_-_-_3_33?color=white><br>4.2(0.4)&gt&gt4.7(0.4)<br></a><img src=6k1_pp4p1_4p3_P6R_3P4_2r1PKPP_r7_1R6_b_-_-_0_34+oriTrue.svg><footer>2023-11-02 21:36:24</footer>	 Endgames Endgames/Rooks 33-deep fen https://lichess.org/z3krFVMB
<div>34. .. Rc7 <br>Was ist Weiß Antwort? (3..5)</div><img src=6k1_ppr3p1_4p3_P6R_3P4_4PKPP_r7_1R6_w_-_-_1_35+oriTrue.svg>	<div>35. Rhb5 Kf8 36. Rxb7 Rxb7 37. Rxb7<br></div><a href=https://lichess.org/analysis/6k1/ppr3p1/4p3/P6R/3P4/4PKPP/r7/1R6_w_-_-_1_35?color=white><br>4.7(0.4)&gt&gt3.8(0.4)<br></a><img src=5k2_pR4p1_4p3_P7_3P4_4PKPP_r7_8_b_-_-_0_37+oriTrue.svg><footer>2023-11-02 21:36:24</footer>	 Endgames Endgames/Rooks 35-deep fen https://lichess.org/z3krFVMB
<div>26. .. cxb5 <br>Was ist Weiß Antwort? (2..3)</div><img src=1rr3k1_pp3ppp_4p3_1p1nP3_P2P4_4PBPP_6K1_1R2R3_w_-_-_0_27+oriTrue.svg>	<div>27. Bxd5 exd5 28. Rxb5<br></div><a href=https://lichess.org/analysis/1rr3k1/pp3ppp/4p3/1p1nP3/P2P4/4PBPP/6K1/1R2R3_w_-_-_0_27?color=white><br>0.1(0.5)&gt&gt2.8(0.4)<br></a><img src=1rr3k1_pp3ppp_8_1R1pP3_P2P4_4P1PP_6K1_4R3_b_-_-_0_28+oriTrue.svg><footer>2023-11-02 21:36:24</footer>	 Endgames Endgames/Rooks 27-deep fen https://lichess.org/Vx5Vvr56
<div>36. .. Rc1 <br>Was ist Weiß Antwort?</div><img src=8_3R1p2_1p2pk2_8_P3P1p1_3K2P1_1P3P2_2r5_w_-_-_1_37+oriTrue.svg>	<div>37. Rb7<br></div><a href=https://lichess.org/analysis/8/3R1p2/1p2pk2/8/P3P1p1/3K2P1/1P3P2/2r5_w_-_-_1_37?color=white><br>3.6(0.4)&gt&gt3.8(0.4)<br></a><img src=8_1R3p2_1p2pk2_8_P3P1p1_3K2P1_1P3P2_2r5_b_-_-_2_37+oriTrue.svg><footer>2023-11-02 21:36:24</footer>	 Endgames Endgames/Rooks 37-deep fen https://lichess.org/xmkRCauo
<div>32. .. Kh7 <br>Was ist Weiß Antwort? (2..3)</div><img src=8_5r1k_p5R1_1pr5_6R1_8_PP3P1P_6K1_w_-_-_1_33+oriTrue.svg>	<div>33. R6g5 Rxg5 34. Rxg5<br></div><a href=https://lichess.org/analysis/8/5r1k/p5R1/1pr5/6R1/8/PP3P1P/6K1_w_-_-_1_33?color=white><br>2.2(0.4)&gt&gt3.5(0.4)<br></a><img src=8_5r1k_p7_1p4R1_8_8_PP3P1P_6K1_b_-_-_0_34+oriTrue.svg><footer>2023-11-02 21:36:24</footer>	 Endgames Endgames/Rooks 33-deep fen https://lichess.org/kr8d8P8E
<div>34. .. Rc7 <br>Was ist Weiß Antwort? (3..5)</div><img src=8_2r4k_p7_1p4R1_8_8_PP3P1P_6K1_w_-_-_1_35+oriTrue.svg>	<div>35. a3 Rc2 36. b4 Rc3 37. Rg3<br></div><a href=https://lichess.org/analysis/8/2r4k/p7/1p4R1/8/8/PP3P1P/6K1_w_-_-_1_35?color=white><br>3.5(0.4)&gt&gt3.6(0.4)<br></a><img src=8_7k_p7_1p6_1P6_P1r3R1_5P1P_6K1_b_-_-_2_37+oriTrue.svg><footer>2023-11-02 21:36:24</footer>	 Endgames Endgames/Rooks 35-deep fen https://lichess.org/kr8d8P8E
<div>37. .. Rb1 <br>Was ist Weiß Antwort? (2..3)</div><img src=8_7k_p7_6R1_1P6_8_1P3PKP_1r6_w_-_-_3_38+oriTrue.svg>	<div>38. Ra5 Rxb2 39. Ra4<br></div><a href=https://lichess.org/analysis/8/7k/p7/6R1/1P6/8/1P3PKP/1r6_w_-_-_3_38?color=white><br>4.0&gt&gt2.6<br></a><img src=8_7k_p7_8_RP6_8_1r3PKP_8_b_-_-_1_39+oriTrue.svg><footer>2023-11-02 21:36:24</footer>	 Endgames Endgames/Rooks 38-deep fen https://lichess.org/kr8d8P8E
<div>Qe3 <br>Was zieht Schwarz? (3..5)</div><img src=6r1_1pp5_p2p2rk_3P4_5P2_4Q2P_PP5K_8_b_-_-_1_1+oriFalse.svg>	<div>1. .. Rg2+ 2. Kh1 R2g3 3. Qe6+ R8g6<br></div><a href=https://lichess.org/analysis/6r1/1pp5/p2p2rk/3P4/5P2/4Q2P/PP5K/8_b_-_-_1_1?color=black><br>0.2(0.4)&gt&gt-8.3(0.4)<br></a><img src=8_1pp5_p2pQ1rk_3P4_5P2_6rP_PP6_7K_w_-_-_6_4+oriFalse.svg><footer>2023-11-02 21:36:24</footer>	 Endgames Endgames/Rooks 1-deep fen Taktikaufgabe
<div>35. Rd7 <br>Was zieht Schwarz? (3..5)</div><img src=5rk1_3R1pp1_1p3r1p_3p4_6R1_6P1_PP3P1P_6K1_b_-_-_1_35+oriFalse.svg>	<div>35. .. Rc8 37. Rf4 Rxf4 38. gxf4 Rc2<br></div><a href=https://lichess.org/analysis/5rk1/3R1pp1/1p3r1p/3p4/6R1/6P1/PP3P1P/6K1_b_-_-_1_35?color=black><br>0.6(0.4)&gt&gt-0.1(0.4)<br></a><img src=6k1_3R1pp1_1p5p_3p4_5P2_8_PPr2P1P_6K1_w_-_-_1_38+oriFalse.svg><footer>2023-11-02 21:36:24</footer>	 Endgames Endgames/Rooks 35-deep fen MMM2022_23/Barth
<div>38. b4 <br>Was zieht Schwarz? (3..5)</div><img src=6k1_3R1pp1_1p5p_3p4_1P3P2_8_P1r2P1P_6K1_b_-_-_0_38+oriFalse.svg>	<div>38. .. Rxa2 39. Rd8+ Kh7 40. Rxd5 Rc2<br></div><a href=https://lichess.org/analysis/6k1/3R1pp1/1p5p/3p4/1P3P2/8/P1r2P1P/6K1_b_-_-_0_38?color=black><br>-0.1(0.4)&gt&gt0.0<br></a><img src=8_5ppk_1p5p_3R4_1P3P2_8_2r2P1P_6K1_w_-_-_1_41+oriFalse.svg><footer>2023-11-02 21:36:24</footer>	 Endgames Endgames/Rooks 38-deep fen MMM2022_23/Barth
<div>40. Rxd5 <br>Was zieht Schwarz? (3..5)</div><img src=8_5ppk_1p5p_3R4_1P3P2_8_r4P1P_6K1_b_-_-_0_40+oriFalse.svg>	<div>40. .. Rc2 41. f5 Rc4 42. Rb5 Rc6<br></div><a href=https://lichess.org/analysis/8/5ppk/1p5p/3R4/1P3P2/8/r4P1P/6K1_b_-_-_0_40?color=black><br>-0.1(0.4)&gt&gt0.0<br></a><img src=8_5ppk_1pr4p_1R3P2_1P6_8_5P1P_6K1_w_-_-_3_43+oriFalse.svg><footer>2023-11-02 21:36:24</footer>	 Endgames Endgames/Rooks 40-deep fen MMM2022_23/Barth
<div>43. Kg2 <br>Was zieht Schwarz? (3..5)</div><img src=8_5ppk_1pr4p_1R3P2_1P6_8_5PKP_8_b_-_-_4_43+oriFalse.svg>	<div>43. .. Rd6 44. Re5 f6 45. Re6 Rd5 46. Rxb6 Rxf5<br></div><a href=https://lichess.org/analysis/8/5ppk/1pr4p/1R3P2/1P6/8/5PKP/8_b_-_-_4_43?color=black><br>0.0&gt&gt0.0<br></a><img src=8_6pk_1R3p1p_5r2_1P6_8_5PKP_8_w_-_-_0_47+oriFalse.svg><footer>2023-11-02 21:36:24</footer>	 Endgames Endgames/Rooks 43-deep fen MMM2022_23/Barth
<div>48. Re5+ <br>Was zieht Schwarz? (3..5)</div><img src=8_4kpp1_1pr4p_4RP2_1P2K3_8_5P1P_8_b_-_-_14_48+oriFalse.svg>	<div>48. .. Kd7 {auch u.a. Kf6} 49. Kd3 Kd6 50. Re8 Kd7<br></div><a href=https://lichess.org/analysis/8/4kpp1/1pr4p/4RP2/1P2K3/8/5P1P/8_b_-_-_14_48?color=black><br>0.0&gt&gt0.1(0.4)<br></a><img src=4R3_3k1pp1_1pr4p_5P2_1P6_3K4_5P1P_8_w_-_-_19_51+oriFalse.svg><footer>2023-11-02 21:36:24</footer>	 Endgames Endgames/Rooks 48-deep fen MMM2022_23/Barth
<div>50. f6 <br>Was zieht Schwarz? (5..8)</div><img src=8_5pp1_1prk1P1p_4R3_1P1K4_8_5P1P_8_b_-_-_0_50+oriFalse.svg>	<div>50. .. g6 51. Re7 Rc7 52. Rxc7 Kxc7 53. Ke5 Kc6 54. b5+ Kc7<br></div><a href=https://lichess.org/analysis/8/5pp1/1prk1P1p/4R3/1P1K4/8/5P1P/8_b_-_-_0_50?color=black><br>0.0&gt&gt0.0<br></a><img src=8_2k2p2_1p3Ppp_1P2K3_8_8_5P1P_8_w_-_-_1_55+oriFalse.svg><footer>2023-11-02 21:36:24</footer>	 Endgames Endgames/Rooks 50-deep fen MMM2022_23/Barth
<div>51. Rh5 <br>Was zieht Schwarz? (3..5)</div><img src=8_5p2_1prk1p1p_7R_1P1K4_8_5P1P_8_b_-_-_1_51+oriFalse.svg>	<div>51. .. Rc2 52. f4 Rd2+ 53. Ke3 Rd5<br></div><a href=https://lichess.org/analysis/8/5p2/1prk1p1p/7R/1P1K4/8/5P1P/8_b_-_-_1_51?color=black><br>0.0&gt&gt0.0<br></a><img src=8_5p2_1p1k1p1p_3r3R_1P3P2_4K3_7P_8_w_-_-_3_54+oriFalse.svg><footer>2023-11-02 21:36:24</footer>	 Endgames Endgames/Rooks 51-deep fen MMM2022_23/Barth
<div>54. Rxh6 <br>Was zieht Schwarz? (2..3)</div><img src=8_5p2_1p1k1p1R_3r4_1P3P2_4K3_7P_8_b_-_-_0_54+oriFalse.svg>	<div>54. .. Ke7 55. Kf3 Rb5<br></div><a href=https://lichess.org/analysis/8/5p2/1p1k1p1R/3r4/1P3P2/4K3/7P/8_b_-_-_0_54?color=black><br>0.0&gt&gt0.0<br></a><img src=8_4kp2_1p3p1R_1r6_1P3P2_5K2_7P_8_w_-_-_3_56+oriFalse.svg><footer>2023-11-02 21:36:24</footer>	 Endgames Endgames/Rooks 54-deep fen MMM2022_23/Barth
<div>53. Rxb6 <br>Was zieht Schwarz? (3..5)</div><img src=8_5p2_1R1k1p1p_8_1P1K4_8_5r1P_8_b_-_-_0_53+oriFalse.svg>	<div>53. .. Kc7 54. Ra6 Kb7 55. Rd6 Kc7<br></div><a href=https://lichess.org/analysis/8/5p2/1R1k1p1p/8/1P1K4/8/5r1P/8_b_-_-_0_53?color=black><br>-0.0(0.4)&gt&gt0.0<br></a><img src=8_2k2p2_3R1p1p_8_1P1K4_8_5r1P_8_w_-_-_5_56+oriFalse.svg><footer>2023-11-02 21:36:24</footer>	 Endgames Endgames/Rooks 53-deep fen MMM2022_23/Barth
<div>Was zieht Weiß? (3..5)</div><img src=8_2r5_5k1p_1RP2pp1_1P1p4_6P1_3K3P_8_w_-_-_1_51+oriTrue.svg>	<div>51. Kd3 {und der Bauer auf d4 ist verloren, denn: } 51. .. Ke5 52. c6+ Kd6 53. Rxf5<br></div><a href=https://lichess.org/analysis/8/2r5/5k1p/1RP2pp1/1P1p4/6P1/3K3P/8_w_-_-_1_51?color=white><br>3.4(0.4)&gt&gt6.5(0.4)<br></a><img src=8_2r5_2Pk3p_5Rp1_1P1p4_3K2P1_7P_8_b_-_-_0_53+oriTrue.svg><footer>2023-11-02 21:36:24</footer>	 Endgames Endgames/Rooks 51-deep fen MMM2022/Pool_Kaviram
<div>Was zieht Weiß? (3..5)</div><img src=8_2r5_8_2P4R_1P1p1k2_3K1p2_7P_8_w_-_-_2_56+oriTrue.svg>	<div>56. Rh4+ {Schwarz ist verloren: } .. Kg5 57. Re4 f2 58. Ke2 Kf5 59. Rxd4<br></div><a href=https://lichess.org/analysis/8/2r5/8/2P4R/1P1p1k2/3K1p2/7P/8_w_-_-_2_56?color=white><br>3.8(0.4)&gt&gt6.7(0.4)<br></a><img src=8_2r5_8_2P2k2_1P1R4_8_4Kp1P_8_b_-_-_0_59+oriTrue.svg><footer>2023-11-02 21:36:24</footer>	 Endgames Endgames/Rooks 56-deep fen MMM2022/Pool_Kaviram
<div>57. .. Rf7 <br>Was zieht Weiß? (5..8)</div><img src=8_5r2_8_2P3k1_1P1pR3_3K1p2_7P_8_w_-_-_6_58+oriTrue.svg>	<div>58. Re1 f2 59. Rf1 Kg4 60. c6 Rc7 61. b5 Kf3 62. Kxd4 Ke2 63. Rxf2 Kxf2 64. Kc5<br></div><a href=https://lichess.org/analysis/8/5r2/8/2P3k1/1P1pR3/3K1p2/7P/8_w_-_-_6_58?color=white><br>3.1(0.4)&gt&gt6.7(0.4)<br></a><img src=8_2r5_2P5_1PK5_8_8_5k1P_8_b_-_-_1_64+oriTrue.svg><footer>2023-11-02 21:36:24</footer>	 Endgames Endgames/Rooks 58-deep fen MMM2022/Pool_Kaviram
<div>1. .. Rb2 <br>Wie ist die Lage für Weiß einzuschätzen? (5..8)</div><img src=K7_P4k2_8_8_8_8_1r6_4R3_w_-_-_1_2+oriTrue.svg>	<div>2. Rc1 Ke7 3. Rc8 Kd6 4. Rb8 Ra2 5. Kb7 Rb2+ 6.Kc8 {Weiß entrinnt seinem Gefängnis und gewinnt bei korrektem Spiel}<br></div><a href=https://lichess.org/analysis/K7/P4k2/8/8/8/8/1r6/4R3_w_-_-_1_2?color=white><br>4.8(0.4)&gt&gt23.0<br></a><img src=1RK5_P7_3k4_8_8_8_1r6_8_b_-_-_10_6+oriTrue.svg><footer>2023-11-02 21:36:24</footer>	 Endgames Endgames/Rooks 2-deep fen Silman2008/Diagramm/223
<div>1. .. Kd7 <br>Wie ist die Lage für Weiß einzuschätzen? (5..8)</div><img src=K1R5_P2k4_8_8_8_8_1r6_8_w_-_-_5_2+oriTrue.svg>	<div>2. Rb8 Ra2 3. Kb7 Rb2+ 4. Ka6 Ra2+ 5. Kb6 Rb2+ 6. Kc5 {Weiß stürmt zum schwarzen Turm und gewinnt}<br></div><a href=https://lichess.org/analysis/K1R5/P2k4/8/8/8/8/1r6/8_w_-_-_5_2?color=white><br>49.5&gt&gt16.0<br></a><img src=1R6_P2k4_8_2K5_8_8_1r6_8_b_-_-_14_6+oriTrue.svg><footer>2023-11-02 21:36:24</footer>	 Endgames Endgames/Rooks 2-deep fen Silman2008/Diagramm/223
<div>1. Rb7+ <br>Wie ist die Lage für Schwarz einzuschätzen?</div><img src=K7_PR1k4_8_8_8_8_r7_8_b_-_-_8_1+oriFalse.svg>	<div>1. .. Kc8 {Remis. Nur 1. Kb7 gewinnt}<br></div><a href=https://lichess.org/analysis/K7/PR1k4/8/8/8/8/r7/8_b_-_-_8_1?color=black><br>20.0&gt&gt0.0<br></a><img src=K1k5_PR6_8_8_8_8_r7_8_w_-_-_9_2+oriFalse.svg><footer>2023-11-02 21:36:24</footer>	 Endgames Endgames/Rooks 1-deep fen Silman2008/Diagramm/223
<div>1. .. Rh2 <br>Wie ist die Lage für Weiß einzuschätzen? (5..8)</div><img src=K7_P1k5_8_8_8_8_7r_R7_w_-_-_8_2+oriTrue.svg>	<div>1. Rc1+ Kd7 2. Kb7 Rb2+ 3. Ka6 Ra2+ 4. Kb6 Rb2+ 5. Kc5 Ra2 6. Rh1 Kc8 7. Rh7 Ra1 {Remis. Weiß kann keinen Fortschritt erringen}<br></div><a href=https://lichess.org/analysis/K7/P1k5/8/8/8/8/7r/R7_w_-_-_8_2?color=white><br>0.0&gt&gt0.1<br></a><img src=2k5_P6R_8_2K5_8_8_8_r7_w_-_-_22_9+oriTrue.svg><footer>2023-11-02 21:36:24</footer>	 Endgames Endgames/Rooks 2-deep fen Silman2008/Diagramm/224
<div>1. Rc4 <br>Wie ist die Lage für Schwarz einzuschätzen?</div><img src=K7_P2k4_8_8_2R5_8_7r_8_b_-_-_25_1+oriFalse.svg>	<div>1. .. Rb2 {Remis. Weiß kann keinen Fortschritt erringen}<br></div><a href=https://lichess.org/analysis/K7/P2k4/8/8/2R5/8/7r/8_b_-_-_25_1?color=black><br>0.2&gt&gt0.0<br></a><img src=K7_P2k4_8_8_2R5_8_1r6_8_w_-_-_26_2+oriFalse.svg><footer>2023-11-02 21:36:24</footer>	 Endgames Endgames/Rooks 1-deep fen Silman2008/Diagramm/224
<div>1. .. Rh2 <br>Wie ist die Lage für Weiß einzuschätzen? (3..5)</div><img src=1R1K4_P7_3k4_8_8_8_7r_8_w_-_-_36_2+oriTrue.svg>	<div>2. Rb6+ Kc5 3. Rc6+ Kxc6 4. a8Q+<br></div><a href=https://lichess.org/analysis/1R1K4/P7/3k4/8/8/8/7r/8_w_-_-_36_2?color=white><br>22.0&gt&gt14.0<br></a><img src=Q2K4_8_2k5_8_8_8_7r_8_b_-_-_0_4+oriTrue.svg><footer>2023-11-02 21:36:24</footer>	 Endgames Endgames/Rooks 2-deep fen Silman2008/Diagramm/225
<div>1. .. Rb2 <br>Wie ist die Lage für Weiß einzuschätzen? (5..8)</div><img src=K7_P3k3_8_8_8_8_1r6_3R4_w_-_-_1_2+oriTrue.svg>	<div>2. Rh1 Kd7 3. Rh8 Kc7 4. Rb8 Rh2 5. Rb7+ Kc8 6. Rb1 Rc2 {Remis. Weiß kann keinen Fortschritt erzielen}<br></div><a href=https://lichess.org/analysis/K7/P3k3/8/8/8/8/1r6/3R4_w_-_-_1_2?color=white><br>0.0&gt&gt0.0<br></a><img src=K1k5_P7_8_8_8_8_2r5_1R6_w_-_-_11_7+oriTrue.svg><footer>2023-11-02 21:36:24</footer>	 Endgames Endgames/Rooks 2-deep fen Silman2008/Diagramm/227
<div>1. Rb1 <br>Wie ist die Lage für Schwarz einzuschätzen?</div><img src=K1k5_P7_8_8_8_8_7r_1R6_b_-_-_10_1+oriFalse.svg>	<div>1. .. Rc2 {Remis. Weiß kann keinen Fortschritt erzielen}<br></div><a href=https://lichess.org/analysis/K1k5/P7/8/8/8/8/7r/1R6_b_-_-_10_1?color=black><br>0.0&gt&gt0.0<br></a><img src=K1k5_P7_8_8_8_8_2r5_1R6_w_-_-_11_2+oriFalse.svg><footer>2023-11-02 21:36:24</footer>	 Endgames Endgames/Rooks 1-deep fen Silman2008/Diagramm/227
<div>1. .. Kf7 <br>Wie ist die Lage für Weiß einzuschätzen?</div><img src=R7_P4k2_8_8_8_8_6K1_r7_w_-_-_11_2+oriTrue.svg>	<div>2. Rh8<br></div><a href=https://lichess.org/analysis/R7/P4k2/8/8/8/8/6K1/r7_w_-_-_11_2?color=white><br>0.0&gt&gt20.0<br></a><img src=7R_P4k2_8_8_8_8_6K1_r7_b_-_-_12_2+oriTrue.svg><footer>2023-11-02 21:36:24</footer>	 Endgames Endgames/Rooks 2-deep fen Silman2008/Diagramm/231
<div>1. .. Ke7 <br>Wie ist die Lage für Weiß einzuschätzen?</div><img src=R7_4k3_P7_8_8_8_r7_4K3_w_-_-_14_2+oriTrue.svg>	<div>2. a7 {Weiß gewinnt. Schwarz kann nur auf g7 und h7 Remis halten}<br></div><a href=https://lichess.org/analysis/R7/4k3/P7/8/8/8/r7/4K3_w_-_-_14_2?color=white><br>0.0&gt&gt21.0<br></a><img src=R7_P3k3_8_8_8_8_r7_4K3_b_-_-_0_2+oriTrue.svg><footer>2023-11-02 21:36:24</footer>	 Endgames Endgames/Rooks 2-deep fen Silman2008/Diagramm/232
<div>1. a7 <br>Wie ist die Lage für Schwarz einzuschätzen?</div><img src=R7_P5k1_5r2_2K5_8_8_8_8_b_-_-_0_1+oriFalse.svg>	<div>1. .. Ra6<br></div><a href=https://lichess.org/analysis/R7/P5k1/5r2/2K5/8/8/8/8_b_-_-_0_1?color=black><br>0.0&gt&gt0.0<br></a><img src=R7_P5k1_r7_2K5_8_8_8_8_w_-_-_1_2+oriFalse.svg><footer>2023-11-02 21:36:24</footer>	 Endgames Endgames/Rooks 1-deep fen Silman2008/Diagramm/232
<div>1. Kd5 <br>Wie ist die Lage für Schwarz einzuschätzen?</div><img src=R7_6k1_P4r2_3K4_8_8_8_8_b_-_-_44_1+oriFalse.svg>	<div>1. Rb6 {Remis. Schwarz bleibt auf der 6ten Reihe, damit Weiß Turm weiterhin babysitten muss}<br></div><a href=https://lichess.org/analysis/R7/6k1/P4r2/3K4/8/8/8/8_b_-_-_44_1?color=black><br>0.0&gt&gt0.0<br></a><img src=R7_6k1_Pr6_3K4_8_8_8_8_w_-_-_45_2+oriFalse.svg><footer>2023-11-02 21:36:24</footer>	 Endgames Endgames/Rooks 1-deep fen Silman2008/Diagramm/233
<div>1. .. Rf6 <br>Wie ist die Lage für Weiß einzuschätzen?</div><img src=R7_6k1_P4r2_4K3_8_8_8_8_w_-_-_47_2+oriTrue.svg>	<div>2. Rg8+<br></div><a href=https://lichess.org/analysis/R7/6k1/P4r2/4K3/8/8/8/8_w_-_-_47_2?color=white><br>0.0&gt&gt9.0<br></a><img src=6R1_6k1_P4r2_4K3_8_8_8_8_b_-_-_48_2+oriTrue.svg><footer>2023-11-02 21:36:24</footer>	 Endgames Endgames/Rooks 2-deep fen Silman2008/Diagramm/233
<div>1. Kf1 <br>Wie ist die Lage für Schwarz einzuschätzen? (3..5)</div><img src=R7_6k1_P7_8_8_8_r7_5K2_b_-_-_47_1+oriFalse.svg>	<div>1. .. Ra5 {Schwarz hält Remis} 2. Ke2 Re5 3. Kd3 Re6 4. Kc4 Rf6 {Schwarz zwingt Schwarz Turm zum Babysitten}<br></div><a href=https://lichess.org/analysis/R7/6k1/P7/8/8/8/r7/5K2_b_-_-_47_1?color=black><br>2.8&gt&gt0.0<br></a><img src=R7_6k1_P4r2_8_2K5_8_8_8_w_-_-_54_5+oriFalse.svg><footer>2023-11-02 21:36:24</footer>	 Endgames Endgames/Rooks 1-deep fen Silman2008/Diagramm/234
<div>1. Kf1 <br>Wie ist die Lage für Schwarz einzuschätzen? (5..8)</div><img src=1R6_6k1_1P6_8_8_8_1r6_5K2_b_-_-_53_1+oriFalse.svg>	<div>1. .. Kf7 {Schwarz hält Remis} 2. Ke1 Ke7 3. b7 Kd7 4. Rh8 Rxb7 5. Rh7+ Kc8 {Weiß König könnte zu Schwarz Turm und dann zu seinem Freibauern laufen und dahinter verstecken. Schwarz König nutzt seinen Vorsprung und läuft zum Bauern}<br></div><a href=https://lichess.org/analysis/1R6/6k1/1P6/8/8/8/1r6/5K2_b_-_-_53_1?color=black><br>0.0&gt&gt0.0<br></a><img src=2k5_1r5R_8_8_8_8_8_4K3_w_-_-_2_6+oriFalse.svg><footer>2023-11-02 21:36:24</footer>	 Endgames Endgames/Rooks 1-deep fen Silman2008/Diagramm/236
<div>1. b7 <br>Wie ist die Lage für Schwarz einzuschätzen? (3..5)</div><img src=1R6_1P3k2_8_8_8_8_1r6_5K2_b_-_-_0_1+oriFalse.svg>	<div>1. .. Kg7 {Schwarz hält Remis} 2. Ke1 Kh7 3. Kd1 Kg7 4. Kc1 Rb6 {Nachdem Weiß Bauer vorgezogen wurde reicht es aus, dass Schwarz König auf g7/h7 bleibt und der Turm auf der b Linie. Erreicht den Turm Weiß König, dann zieht er auf die Grundlinie, um von dort aus Schachs zu geben}<br></div><a href=https://lichess.org/analysis/1R6/1P3k2/8/8/8/8/1r6/5K2_b_-_-_0_1?color=black><br>0.0&gt&gt0.0<br></a><img src=1R6_1P4k1_1r6_8_8_8_8_2K5_w_-_-_7_5+oriFalse.svg><footer>2023-11-02 21:36:24</footer>	 Endgames Endgames/Rooks 1-deep fen Silman2008/Diagramm/236
<div>1. .. Ke6 <br>Wie ist die Lage für Weiß einzuschätzen? (8..13)</div><img src=6r1_8_4k3_6P1_6K1_8_5R2_8_w_-_-_15_2+oriTrue.svg>	<div>2. Kh5 Rh8+ 3. Kg6 Rg8+ 4. Kh6 Rh8+ 5. Kg7 Rh1 6. g6 Rg1 7. Kh7 Rh1+ 8. Kg8 Rg1 9. g7 {Weiß gewinnt. Schwarz König ist abgeschnitten}<br></div><a href=https://lichess.org/analysis/6r1/8/4k3/6P1/6K1/8/5R2/8_w_-_-_15_2?color=white><br>4.4(0.4)&gt&gt5.5<br></a><img src=6K1_6P1_4k3_8_8_8_5R2_6r1_b_-_-_0_9+oriTrue.svg><footer>2023-11-02 21:36:24</footer>	 Endgames Endgames/Rooks 2-deep fen Silman2008/Diagramm/237
<div>1. .. Kf6 <br>Wie ist die Lage für Weiß einzuschätzen? (3..5)</div><img src=6K1_6P1_5k2_8_8_8_4R3_6r1_w_-_-_3_2+oriTrue.svg>	<div>2. Kf8 Rxg7 3. Rf2+ Kg6 4. Rg2+ {Weiß gewinnt, da Schwarz König auf der langen Seite des Brettes den Schachs von Schwarz Turm im Weg steht}<br></div><a href=https://lichess.org/analysis/6K1/6P1/5k2/8/8/8/4R3/6r1_w_-_-_3_2?color=white><br>21.0&gt&gt16.0<br></a><img src=5K2_6r1_6k1_8_8_8_6R1_8_b_-_-_3_4+oriTrue.svg><footer>2023-11-02 21:36:24</footer>	 Endgames Endgames/Rooks 2-deep fen Silman2008/Diagramm/237
<div>1. Rf2 <br>Wie ist die Lage für Schwarz einzuschätzen? (2..3)</div><img src=6r1_4k3_8_6P1_6K1_8_5R2_8_b_-_-_5_1+oriFalse.svg>	<div>1. .. Rf8 Ra2 2. Kf7 {Remis. Schwarz König gelangt vor den Bauern}<br></div><a href=https://lichess.org/analysis/6r1/4k3/8/6P1/6K1/8/5R2/8_b_-_-_5_1?color=black><br>0.1(0.4)&gt&gt0.0<br></a><img src=5r2_5k2_8_6P1_6K1_8_R7_8_w_-_-_8_3+oriFalse.svg><footer>2023-11-02 21:36:24</footer>	 Endgames Endgames/Rooks 1-deep fen Silman2008/Diagramm/238
<div>1. Rc1 <br>Wie ist die Lage für Schwarz einzuschätzen? (5..8)</div><img src=3r4_8_1k6_3P4_3K4_8_8_2R5_b_-_-_10_1+oriFalse.svg>	<div>1. .. Rh8 2. d6 Rh4+ 3. Ke5 Rh5+ 4. Kf6 Rh6+ 5. Ke7 Rh7+ 6. Kf8 Rd7 {Remis, da sich Schwarz König auf der kurzen Seite des Brettes befindet und so nicht den Schachs durch Schwarz Turm im Wege steht}<br></div><a href=https://lichess.org/analysis/3r4/8/1k6/3P4/3K4/8/8/2R5_b_-_-_10_1?color=black><br>0.1(0.4)&gt&gt0.0<br></a><img src=5K2_3r4_1k1P4_8_8_8_8_2R5_w_-_-_9_7+oriFalse.svg><footer>2023-11-02 21:36:24</footer>	 Endgames Endgames/Rooks 1-deep fen Silman2008/Diagramm/239
<div>1. .. Re8 <br>Wie ist die Lage für Weiß einzuschätzen?</div><img src=4r3_8_2k5_4P3_8_4K3_8_3R4_w_-_-_1_2+oriTrue.svg>	<div>2. Ke4 {Weiß gewinnt. Sein Bauer befindet sich auf der 5ten Reihe und Schwarz König ist auf der langen Brettseite abgeschnitten}<br></div><a href=https://lichess.org/analysis/4r3/8/2k5/4P3/8/4K3/8/3R4_w_-_-_1_2?color=white><br>0.0&gt&gt6.1<br></a><img src=4r3_8_2k5_4P3_4K3_8_8_3R4_b_-_-_2_2+oriTrue.svg><footer>2023-11-02 21:36:24</footer>	 Endgames Endgames/Rooks 2-deep fen Silman2008/Diagramm/240
<div>1. e6 <br>Wie ist die Lage für Schwarz einzuschätzen? (3..5)</div><img src=8_8_2k1P3_8_r7_4K3_8_3R4_b_-_-_0_1+oriFalse.svg>	<div>1. .. Kc7 2. Rd7+ Kc8 3. Rh7 Kd8<br></div><a href=https://lichess.org/analysis/8/8/2k1P3/8/r7/4K3/8/3R4_b_-_-_0_1?color=black><br>0.0&gt&gt0.0<br></a><img src=3k4_7R_4P3_8_r7_4K3_8_8_w_-_-_5_4+oriFalse.svg><footer>2023-11-02 21:36:24</footer>	 Endgames Endgames/Rooks 1-deep fen Silman2008/Diagramm/240
<div>1. e7 <br>Wie ist die Lage für Schwarz einzuschätzen?</div><img src=8_2k1P3_8_8_r7_4K3_8_3R4_b_-_-_0_1+oriFalse.svg>	<div>1. .. Ra8 {Remis. Schwarz Turm gelangt nach e8}<br></div><a href=https://lichess.org/analysis/8/2k1P3/8/8/r7/4K3/8/3R4_b_-_-_0_1?color=black><br>0.0&gt&gt0.0<br></a><img src=r7_2k1P3_8_8_8_4K3_8_3R4_w_-_-_1_2+oriFalse.svg><footer>2023-11-02 21:36:24</footer>	 Endgames Endgames/Rooks 1-deep fen Silman2008/Diagramm/240
<div>1. Rd1 <br>Wie ist die Lage für Schwarz einzuschätzen? (2..3)</div><img src=2k5_8_4P3_8_r7_4K3_8_3R4_b_-_-_4_1+oriFalse.svg>	<div>1. .. Ra6 2. e7 Re6+<br></div><a href=https://lichess.org/analysis/2k5/8/4P3/8/r7/4K3/8/3R4_b_-_-_4_1?color=black><br>0.0&gt&gt0.0<br></a><img src=2k5_4P3_4r3_8_8_4K3_8_3R4_w_-_-_1_3+oriFalse.svg><footer>2023-11-02 21:36:24</footer>	 Endgames Endgames/Rooks 1-deep fen Silman2008/Diagramm/240
<div>1. e5 <br>Wie ist die Lage für Schwarz einzuschätzen? (2..3)</div><img src=r7_8_2k5_4P3_8_4K3_8_3R4_b_-_-_0_1+oriFalse.svg>	<div>1. .. Ra4 2. Rd6+ Kc7 {Remis. Weiß ohne gute Fortsetzung. Schwarz Turm schneidet Weiß König von seinem Bauern ab}<br></div><a href=https://lichess.org/analysis/r7/8/2k5/4P3/8/4K3/8/3R4_b_-_-_0_1?color=black><br>0.0&gt&gt0.0<br></a><img src=8_2k5_3R4_4P3_r7_4K3_8_8_w_-_-_3_3+oriFalse.svg><footer>2023-11-02 21:36:24</footer>	 Endgames Endgames/Rooks 1-deep fen Silman2008/Diagramm/240
<div>1. Kf4 <br>Wie ist die Lage für Schwarz einzuschätzen? (3..5)</div><img src=r7_8_2k5_8_4PK2_8_8_3R4_b_-_-_12_1+oriFalse.svg>	<div>1. .. Rf8+ 2. Kg5 Re8 3. Kf5 Rf8+ {Spielt Schwarz genau, dann Remis}<br></div><a href=https://lichess.org/analysis/r7/8/2k5/8/4PK2/8/8/3R4_b_-_-_12_1?color=black><br>0.0&gt&gt0.1<br></a><img src=5r2_8_2k5_5K2_4P3_8_8_3R4_w_-_-_17_4+oriFalse.svg><footer>2023-11-02 21:36:24</footer>	 Endgames Endgames/Rooks 1-deep fen Silman2008/Diagramm/240
<div>1. .. Rg8+ <br>Wie ist die Lage für Weiß einzuschätzen? (2..3)</div><img src=6r1_8_2k5_6K1_4P3_8_8_3R4_w_-_-_15_2+oriTrue.svg>	<div>2. Kf6 Rf8+ 3. Ke7<br></div><a href=https://lichess.org/analysis/6r1/8/2k5/6K1/4P3/8/8/3R4_w_-_-_15_2?color=white><br>0.0&gt&gt5.6<br></a><img src=5r2_4K3_2k5_8_4P3_8_8_3R4_b_-_-_18_3+oriTrue.svg><footer>2023-11-02 21:36:24</footer>	 Endgames Endgames/Rooks 2-deep fen Silman2008/Diagramm/240
<div>1. .. Rh8 <br>Wie ist die Lage für Weiß einzuschätzen? (3..5)</div><img src=7r_8_2k2K2_8_4P3_8_8_3R4_w_-_-_17_2+oriTrue.svg>	<div>2. e5 Rh6+ 3. Kg5 Re6 4. Kf5 Re8 5. e6<br></div><a href=https://lichess.org/analysis/7r/8/2k2K2/8/4P3/8/8/3R4_w_-_-_17_2?color=white><br>7.8&gt&gt6.8(0.4)<br></a><img src=4r3_8_2k1P3_5K2_8_8_8_3R4_b_-_-_0_5+oriTrue.svg><footer>2023-11-02 21:36:24</footer>	 Endgames Endgames/Rooks 2-deep fen Silman2008/Diagramm/240
<div>1. .. Re8 <br>Wie ist die Lage für Weiß einzuschätzen?</div><img src=4r3_8_2k2K2_8_4P3_8_8_3R4_w_-_-_17_2+oriTrue.svg>	<div>2. e5<br></div><a href=https://lichess.org/analysis/4r3/8/2k2K2/8/4P3/8/8/3R4_w_-_-_17_2?color=white><br>7.8&gt&gt7.0<br></a><img src=4r3_8_2k2K2_4P3_8_8_8_3R4_b_-_-_0_2+oriTrue.svg><footer>2023-11-02 21:36:24</footer>	 Endgames Endgames/Rooks 2-deep fen Silman2008/Diagramm/240
<div>1. Rd1 <br>Wie ist die Lage für Schwarz einzuschätzen?</div><img src=r7_2k5_8_8_4P3_4K3_8_3R4_b_-_-_17_1+oriFalse.svg>	<div>1. .. Rd8 {Remis. Oder Kc6, aber das ist komplizierter}<br></div><a href=https://lichess.org/analysis/r7/2k5/8/8/4P3/4K3/8/3R4_b_-_-_17_1?color=black><br>0.1(0.4)&gt&gt0.0<br></a><img src=3r4_2k5_8_8_4P3_4K3_8_3R4_w_-_-_18_2+oriFalse.svg><footer>2023-11-02 21:36:24</footer>	 Endgames Endgames/Rooks 1-deep fen Silman2008/Diagramm/241
<div>1. .. Re8 <br>Wie ist die Lage für Weiß einzuschätzen? (3..5)</div><img src=4r3_2k5_6K1_8_4P3_8_8_3R4_w_-_-_25_2+oriTrue.svg>	<div>2. Rd4 Kc6 3. Kf7 Re5 4. Kf6 Re8 5. e5<br></div><a href=https://lichess.org/analysis/4r3/2k5/6K1/8/4P3/8/8/3R4_w_-_-_25_2?color=white><br>49.5&gt&gt6.0<br></a><img src=4r3_8_2k2K2_4P3_3R4_8_8_8_b_-_-_0_5+oriTrue.svg><footer>2023-11-02 21:36:24</footer>	 Endgames Endgames/Rooks 2-deep fen Silman2008/Diagramm/241
<div>1. Ke5 <br>Wie ist die Lage für Schwarz einzuschätzen? (3..5)</div><img src=5r2_8_2k5_3RK3_4P3_8_8_8_b_-_-_23_1+oriFalse.svg>	<div>1. .. Re8+ 2. Kd4 Re7 3. e5 Rd7<br></div><a href=https://lichess.org/analysis/5r2/8/2k5/3RK3/4P3/8/8/8_b_-_-_23_1?color=black><br>0.0&gt&gt0.0<br></a><img src=8_3r4_2k5_3RP3_3K4_8_8_8_w_-_-_1_4+oriFalse.svg><footer>2023-11-02 21:36:24</footer>	 Endgames Endgames/Rooks 1-deep fen Silman2008/Diagramm/242
<div>1. Kg4 <br>Wie ist die Lage für Schwarz einzuschätzen? (3..5)</div><img src=5r2_8_2k5_3R4_4P1K1_8_8_8_b_-_-_23_1+oriFalse.svg>	<div>1. .. Re8 2. Kf4 Rf8+ 3. Rf5 Ra8 {Remis. Spielt Schwarz genau}<br></div><a href=https://lichess.org/analysis/5r2/8/2k5/3R4/4P1K1/8/8/8_b_-_-_23_1?color=black><br>0.0&gt&gt0.0<br></a><img src=r7_8_2k5_5R2_4PK2_8_8_8_w_-_-_28_4+oriFalse.svg><footer>2023-11-02 21:36:24</footer>	 Endgames Endgames/Rooks 1-deep fen Silman2008/Diagramm/242
<div>1. e5 <br>Wie ist die Lage für Schwarz einzuschätzen?</div><img src=r7_8_2k5_4PR2_5K2_8_8_8_b_-_-_0_1+oriFalse.svg>	<div>1. .. Kd7 {Remis. Spielt Schwarz genau}<br></div><a href=https://lichess.org/analysis/r7/8/2k5/4PR2/5K2/8/8/8_b_-_-_0_1?color=black><br>0.0&gt&gt0.0<br></a><img src=r7_3k4_8_4PR2_5K2_8_8_8_w_-_-_1_2+oriFalse.svg><footer>2023-11-02 21:36:24</footer>	 Endgames Endgames/Rooks 1-deep fen Silman2008/Diagramm/242
<div>1. Rf7 <br>Wie ist die Lage für Schwarz einzuschätzen? (2..3)</div><img src=r7_5R2_2k5_8_4PK2_8_8_8_b_-_-_29_1+oriFalse.svg>	<div>1. .. Kd6 2. Kf5 Ra5+ {Remis. Spielt Schwarz genau}<br></div><a href=https://lichess.org/analysis/r7/5R2/2k5/8/4PK2/8/8/8_b_-_-_29_1?color=black><br>0.0&gt&gt0.0(0.4)<br></a><img src=8_5R2_3k4_r4K2_4P3_8_8_8_w_-_-_32_3+oriFalse.svg><footer>2023-11-02 21:36:24</footer>	 Endgames Endgames/Rooks 1-deep fen Silman2008/Diagramm/242
<div>1. Kf5 <br>Wie ist die Lage für Schwarz einzuschätzen? (3..5)</div><img src=r7_5R2_3k4_5K2_4P3_8_8_8_b_-_-_31_1+oriFalse.svg>	<div>1. .. Ra5+ 2. Kf6 Re5 3. Rd7+ Kxd7 4. Kxe5 Ke7<br></div><a href=https://lichess.org/analysis/r7/5R2/3k4/5K2/4P3/8/8/8_b_-_-_31_1?color=black><br>0.0(0.4)&gt&gt0.0<br></a><img src=8_4k3_8_4K3_4P3_8_8_8_w_-_-_1_5+oriFalse.svg><footer>2023-11-02 21:36:24</footer>	 Endgames Endgames/Rooks 1-deep fen Silman2008/Diagramm/242
<div>1. Re1 <br>Wie ist die Lage für Schwarz einzuschätzen? (2..3)</div><img src=6r1_8_8_3k4_6P1_6K1_8_4R3_b_-_-_2_1+oriFalse.svg>	<div>1. .. Kd6 2. Re4 Kd5<br></div><a href=https://lichess.org/analysis/6r1/8/8/3k4/6P1/6K1/8/4R3_b_-_-_2_1?color=black><br>0.1(0.4)&gt&gt0.0<br></a><img src=6r1_8_8_3k4_4R1P1_6K1_8_8_w_-_-_5_3+oriFalse.svg><footer>2023-11-02 21:36:24</footer>	 Endgames Endgames/Rooks 1-deep fen Silman2008/Diagramm/243
<div>1. .. Kd7 <br>Wie ist die Lage für Weiß einzuschätzen? (3..5)</div><img src=6r1_3k4_8_8_4R1P1_6K1_8_8_w_-_-_5_2+oriTrue.svg>	<div>2. Kh4 Rh8+ 3. Kg5 Rg8+ 4. Kf6 Rf8+ 5. Kg7<br></div><a href=https://lichess.org/analysis/6r1/3k4/8/8/4R1P1/6K1/8/8_w_-_-_5_2?color=white><br>0.0&gt&gt6.7(0.4)<br></a><img src=5r2_3k2K1_8_8_4R1P1_8_8_8_b_-_-_12_5+oriTrue.svg><footer>2023-11-02 21:36:24</footer>	 Endgames Endgames/Rooks 2-deep fen Silman2008/Diagramm/243
<div>1. Ra4 <br>Wie ist die Lage für Schwarz einzuschätzen?</div><img src=6r1_8_8_3k4_R5P1_6K1_8_8_b_-_-_6_1+oriFalse.svg>	<div>1. .. Ke6<br></div><a href=https://lichess.org/analysis/6r1/8/8/3k4/R5P1/6K1/8/8_b_-_-_6_1?color=black><br>0.0&gt&gt0.0<br></a><img src=6r1_8_4k3_8_R5P1_6K1_8_8_w_-_-_7_2+oriFalse.svg><footer>2023-11-02 21:36:24</footer>	 Endgames Endgames/Rooks 1-deep fen Silman2008/Diagramm/243
<div>1. .. Rg7 <br>Wie ist die Lage für Weiß einzuschätzen? (3..5)</div><img src=8_6r1_8_3k4_6P1_6K1_8_4R3_w_-_-_3_2+oriTrue.svg>	<div>2. Kh4 Rh7+ 3. Kg5 Rg7+ 4. Kh5 Rh7+ 5. Kg6<br></div><a href=https://lichess.org/analysis/8/6r1/8/3k4/6P1/6K1/8/4R3_w_-_-_3_2?color=white><br>0.0&gt&gt5.1(0.4)<br></a><img src=8_7r_6K1_3k4_6P1_8_8_4R3_b_-_-_10_5+oriTrue.svg><footer>2023-11-02 21:36:24</footer>	 Endgames Endgames/Rooks 2-deep fen Silman2008/Diagramm/244
<div>1. .. Ra8 <br>Wie ist die Lage für Weiß einzuschätzen?</div><img src=r7_8_8_3k4_6P1_6K1_8_4R3_w_-_-_3_2+oriTrue.svg>	<div>2. g5<br></div><a href=https://lichess.org/analysis/r7/8/8/3k4/6P1/6K1/8/4R3_w_-_-_3_2?color=white><br>0.0&gt&gt5.1(0.4)<br></a><img src=r7_8_8_3k2P1_8_6K1_8_4R3_b_-_-_0_2+oriTrue.svg><footer>2023-11-02 21:36:24</footer>	 Endgames Endgames/Rooks 2-deep fen Silman2008/Diagramm/244
<div>1. .. Kd4 <br>Wie ist die Lage für Weiß einzuschätzen? (5..8)</div><img src=6r1_8_8_8_3k2P1_6K1_8_4R3_w_-_-_3_2+oriTrue.svg>	<div>2. Re6 Kd5 3. Rh6 Ke5 4. Kh4 Rg7 5. Kh5 Rg8 6. g5<br></div><a href=https://lichess.org/analysis/6r1/8/8/8/3k2P1/6K1/8/4R3_w_-_-_3_2?color=white><br>0.0&gt&gt6.2<br></a><img src=6r1_8_7R_4k1PK_8_8_8_8_b_-_-_0_6+oriTrue.svg><footer>2023-11-02 21:36:24</footer>	 Endgames Endgames/Rooks 2-deep fen Silman2008/Diagramm/244
<div>1. .. Kf5 <br>Wie ist die Lage für Weiß einzuschätzen? (3..5)</div><img src=6r1_8_7R_5kPK_8_8_8_8_w_-_-_1_2+oriTrue.svg>	<div>2. Rf6+ Ke5 2. Kh6 Rh8+ 3. Kg7 Rh1 4. Rf2<br></div><a href=https://lichess.org/analysis/6r1/8/7R/5kPK/8/8/8/8_w_-_-_1_2?color=white><br>6.2&gt&gt5.2<br></a><img src=8_6K1_8_4k1P1_8_8_5R2_7r_b_-_-_8_5+oriTrue.svg><footer>2023-11-02 21:36:24</footer>	 Endgames Endgames/Rooks 2-deep fen Silman2008/Diagramm/244
<div>1. .. Rf2 <br>Wie ist die Lage für Weiß einzuschätzen? (5..8)</div><img src=8_p1k2p2_4p3_1p2K3_2p1P2P_6P1_PP3r2_3R4_w_-_-_1_2+oriTrue.svg>	<div>2. h5 Rh2 3. g4 b4 4. Rd4 a5 5. Rxc4+ Kd7 6. Rc5<br></div><a href=https://lichess.org/analysis/8/p1k2p2/4p3/1p2K3/2p1P2P/6P1/PP3r2/3R4_w_-_-_1_2?color=white><br>1.5(0.4)&gt&gt2.8(0.4)<br></a><img src=8_3k1p2_4p3_p1R1K2P_1p2P1P1_8_PP5r_8_b_-_-_2_6+oriTrue.svg><footer>2023-11-02 21:36:24</footer>	 Endgames Endgames/Rooks 2-deep fen Silman2008/Diagramm/265
<div>1. .. a6 <br>Wie ist die Lage für Weiß einzuschätzen? (5..8)</div><img src=7r_2k2p1P_p3pK2_1p6_2p1P3_6P1_P7_7R_w_-_-_0_2+oriTrue.svg>	<div>2. Kxf7 b4 3. Kg7 Rd8 4. h8Q Rxh8 5. Kxh8 b3 6. axb3 cxb3 7. g4 a5 8. Rb1 {Weiß gewinnt mit seinem freien g Bauern}<br></div><a href=https://lichess.org/analysis/7r/2k2p1P/p3pK2/1p6/2p1P3/6P1/P7/7R_w_-_-_0_2?color=white><br>7.5&gt&gt10.2(0.4)<br></a><img src=7K_2k5_4p3_p7_4P1P1_1p6_8_1R6_b_-_-_1_8+oriTrue.svg><footer>2023-11-02 21:36:24</footer>	 Endgames Endgames/Rooks 2-deep fen Silman2008/Diagramm/265
<div>1. .. a5 <br>Wie ist die Lage für Weiß einzuschätzen? (2..3)</div><img src=7K_2k5_4p3_p7_4P1P1_1p6_8_7R_w_-_-_0_2+oriTrue.svg>	<div>2. Rb1 a4 3. g5 {Weiß gewinnt mit seinem freien g Bauern}<br></div><a href=https://lichess.org/analysis/7K/2k5/4p3/p7/4P1P1/1p6/8/7R_w_-_-_0_2?color=white><br>10.4(0.4)&gt&gt65.5(0.4)<br></a><img src=7K_2k5_4p3_6P1_p3P3_1p6_8_1R6_b_-_-_0_3+oriTrue.svg><footer>2023-11-02 21:36:24</footer>	 Endgames Endgames/Rooks 2-deep fen Silman2008/Diagramm/265
<div>1. h6 <br>Wie ist die Lage für Schwarz einzuschätzen? (5..8)</div><img src=8_p2k1p2_4p2P_1p2K3_2p1P3_5rP1_PP6_7R_b_-_-_0_1+oriFalse.svg>	<div>1. .. f6+ 2. Kd4 Kc6 3. e5 f5 4. Rd1 Rxg3 5. b3 cxb3 6. axb3 7. Rh3<br></div><a href=https://lichess.org/analysis/8/p2k1p2/4p2P/1p2K3/2p1P3/5rP1/PP6/7R_b_-_-_0_1?color=black><br>1.4(0.4)&gt&gt-3.4(0.4)<br></a><img src=8_p7_2k1p2P_1p2Pp2_3K4_1P5r_8_3R4_w_-_-_1_7+oriFalse.svg><footer>2023-11-02 21:36:24</footer>	 Endgames Endgames/Rooks 1-deep fen Silman2008/Diagramm/265
<div>1. .. a5 <br>Wie ist die Lage für Weiß einzuschätzen? (5..8)</div><img src=7R_2k2p2_4p3_pp2K3_2p1P3_6P1_8_8_w_-_-_0_2+oriTrue.svg>	<div>2. Kd4 a4 3. Rh7 Kb6 4. Rxf7 Kc6 5. g4 b4 6. Kxc4 b3 7. Kc3<br></div><a href=https://lichess.org/analysis/7R/2k2p2/4p3/pp2K3/2p1P3/6P1/8/8_w_-_-_0_2?color=white><br>3.5(0.4)&gt&gt60.8(0.4)<br></a><img src=8_5R2_2k1p3_8_p3P1P1_1pK5_8_8_b_-_-_1_7+oriTrue.svg><footer>2023-11-02 21:36:24</footer>	 Endgames Endgames/Rooks 2-deep fen Silman2008/Diagramm/265
<div>1. Kxa8 <br>Wie ist die Lage für Schwarz einzuschätzen? (5.8)</div><img src=K7_P3k3_8_8_8_8_4r3_3R4_b_-_-_0_1+oriFalse.svg>	<div>1. .. Rb2 2. Rh1 Kd7 3. Rh8 Kc7 4. Rb8 Rc2 5. Rb7+ Kc8<br></div><a href=https://lichess.org/analysis/K7/P3k3/8/8/8/8/4r3/3R4_b_-_-_0_1?color=black><br>0.0&gt&gt0.0<br></a><img src=K1k5_PR6_8_8_8_8_2r5_8_w_-_-_9_6+oriFalse.svg><footer>2023-11-02 21:36:24</footer>	 Endgames Endgames/Rooks 1-deep fen Silman2008/Diagramm/266
<div>1. .. Rd7 <br>Wie ist die Lage für Weiß einzuschätzen? (5..8)</div><img src=8_3r4_2k5_2p5_8_4K3_8_2R5_w_-_-_1_2+oriTrue.svg>	<div>2. Ke4 Rd4 3. Ke3 Kb5 4. Rh1 Kb4 5. Rb1+ Ka3 6. Rc1 Rd5 7. Ke4<br></div><a href=https://lichess.org/analysis/8/3r4/2k5/2p5/8/4K3/8/2R5_w_-_-_1_2?color=white><br>-0.2(0.4)&gt&gt0.0<br></a><img src=8_8_8_2pr4_4K3_k7_8_2R5_b_-_-_12_7+oriTrue.svg><footer>2023-11-02 21:36:24</footer>	 Endgames Endgames/Rooks 2-deep fen Silman2008/Diagramm/268
<div>1. Rd1 <br>Wie ist die Lage für Schwarz einzuschätzen?</div><img src=r7_2k5_8_8_4P3_4K3_8_3R4_b_-_-_1_1+oriFalse.svg>	<div>1. .. Rd8 {Remis. Oder auch Kc6, ist aber schwieriger}<br></div><a href=https://lichess.org/analysis/r7/2k5/8/8/4P3/4K3/8/3R4_b_-_-_1_1?color=black><br>0.1(0.4)&gt&gt0.0<br></a><img src=3r4_2k5_8_8_4P3_4K3_8_3R4_w_-_-_2_2+oriFalse.svg><footer>2023-11-02 21:36:24</footer>	 Endgames Endgames/Rooks 1-deep fen Silman2008/Diagramm/271
<div>1. .. Ra5 <br>Wie ist die Lage für Weiß einzuschätzen? (5.8)</div><img src=3R4_4p2p_1Pp1k3_r1P1p1p1_6P1_5P1P_1K6_8_w_-_-_2_2+oriTrue.svg>	<div>2. Rd3 Ra8 3. Kb3 Ra5 4. Kb4 Rb5+ 5. Kc4 Rb1 6. Rb3 {Weiß stellt seinen Turm hinter den Bauern. Das gewinnt}<br></div><a href=https://lichess.org/analysis/3R4/4p2p/1Pp1k3/r1P1p1p1/6P1/5P1P/1K6/8_w_-_-_2_2?color=white><br>3.5(0.4)&gt&gt7.5<br></a><img src=8_4p2p_1Pp1k3_2P1p1p1_2K3P1_1R3P1P_8_1r6_b_-_-_11_6+oriTrue.svg><footer>2023-11-02 21:36:24</footer>	 Endgames Endgames/Rooks 2-deep fen Silman2008/Diagramm/273
<div>1. .. Rc1+ <br>Wie ist die Lage für Weiß einzuschätzen? (5..8)</div><img src=8_4p2p_1Pp1k3_2P1p1p1_2K3P1_1R3P1P_8_2r5_w_-_-_12_2+oriTrue.svg>	<div>2. Kd3 Rd1+ 3. Ke3 Rd8 4. b7 Rb8 5. Ke4 Kd7 6. Kf5 {Weiß räumt Schwarz Bauern ab. Und gewinnt}<br></div><a href=https://lichess.org/analysis/8/4p2p/1Pp1k3/2P1p1p1/2K3P1/1R3P1P/8/2r5_w_-_-_12_2?color=white><br>7.5&gt&gt7.0(0.4)<br></a><img src=1r6_1P1kp2p_2p5_2P1pKp1_6P1_1R3P1P_8_8_b_-_-_4_6+oriTrue.svg><footer>2023-11-02 21:36:24</footer>	 Endgames Endgames/Rooks 2-deep fen Silman2008/Diagramm/273
