<div>1. d4 d5 2. c4 dxc4 3. Nf3 b5</div><img src=rnbqkbnr_p1p1pppp_8_1p6_2pP4_5N2_PP2PPPP_RNBQKB1R_w_KQkq_-_0_4+oriTrue.svg>	<div> 4. e3<br></div><a href=https://lichess.org/analysis/rnbqkbnr/p1p1pppp/8/1p6/2pP4/5N2/PP2PPPP/RNBQKB1R_w_KQkq_-_0_4?color=white><br>0.0&gt&gt0.6<br></a><img src=rnbqkbnr_p1p1pppp_8_1p6_2pP4_4PN2_PP3PPP_RNBQKB1R_b_KQkq_-_0_4+oriTrue.svg><footer>2023-11-02 21:36:24</footer>	 QGam QGam/d5-dxc4/D21 4-deep pgn
<div>1. d4 d5 2. c4 dxc4 3. Nf3 b5 4. e3 e6</div><img src=rnbqkbnr_p1p2ppp_4p3_1p6_2pP4_4PN2_PP3PPP_RNBQKB1R_w_KQkq_-_0_5+oriTrue.svg>	<div> 5. a4<br></div><a href=https://lichess.org/analysis/rnbqkbnr/p1p2ppp/4p3/1p6/2pP4/4PN2/PP3PPP/RNBQKB1R_w_KQkq_-_0_5?color=white><br>0.6&gt&gt0.4<br></a><img src=rnbqkbnr_p1p2ppp_4p3_1p6_P1pP4_4PN2_1P3PPP_RNBQKB1R_b_KQkq_-_0_5+oriTrue.svg><footer>2023-11-02 21:36:24</footer>	 QGam QGam/d5-dxc4/D21 5-deep pgn
<div>1. d4 d5 2. c4 dxc4 3. Nf3 b5 4. e3 e6 5. a4 b4</div><img src=rnbqkbnr_p1p2ppp_4p3_8_PppP4_4PN2_1P3PPP_RNBQKB1R_w_KQkq_-_0_6+oriTrue.svg>	<div> 6. Bxc4 {Oder a5}<br></div><a href=https://lichess.org/analysis/rnbqkbnr/p1p2ppp/4p3/8/PppP4/4PN2/1P3PPP/RNBQKB1R_w_KQkq_-_0_6?color=white><br>0.4&gt&gt0.7<br></a><img src=rnbqkbnr_p1p2ppp_4p3_8_PpBP4_4PN2_1P3PPP_RNBQK2R_b_KQkq_-_0_6+oriTrue.svg><footer>2023-11-02 21:36:24</footer>	 QGam QGam/d5-dxc4/D21 6-deep pgn
<div>1. d4 d5 2. c4 dxc4 3. Nf3 b5 4. e3 e6 5. a4 c6</div><img src=rnbqkbnr_p4ppp_2p1p3_1p6_P1pP4_4PN2_1P3PPP_RNBQKB1R_w_KQkq_-_0_6+oriTrue.svg>	<div> 6. b3<br></div><a href=https://lichess.org/analysis/rnbqkbnr/p4ppp/2p1p3/1p6/P1pP4/4PN2/1P3PPP/RNBQKB1R_w_KQkq_-_0_6?color=white><br>0.4&gt&gt0.4<br></a><img src=rnbqkbnr_p4ppp_2p1p3_1p6_P1pP4_1P2PN2_5PPP_RNBQKB1R_b_KQkq_-_0_6+oriTrue.svg><footer>2023-11-02 21:36:24</footer>	 QGam QGam/d5-dxc4/D21 6-deep pgn
<div>1. d4 d5 2. c4 dxc4 3. Nf3 b5 4. e3 e6 5. a4 c6 6. b3 Bb4+ 7. Bd2 Bxd2</div><img src=rnbqk1nr_p4ppp_2p1p3_1p6_P1pP4_1P2PN2_3b1PPP_RN1QKB1R_w_KQkq_-_0_8+oriTrue.svg>	<div> 8. Nfxd2<br></div><a href=https://lichess.org/analysis/rnbqk1nr/p4ppp/2p1p3/1p6/P1pP4/1P2PN2/3b1PPP/RN1QKB1R_w_KQkq_-_0_8?color=white><br>0.3&gt&gt0.4<br></a><img src=rnbqk1nr_p4ppp_2p1p3_1p6_P1pP4_1P2P3_3N1PPP_RN1QKB1R_b_KQkq_-_0_8+oriTrue.svg><footer>2023-11-02 21:36:24</footer>	 QGam QGam/d5-dxc4/D21 8-deep pgn
<div>1. d4 d5 2. c4 dxc4 3. Nf3 b5 4. e3 e6 5. a4 c6 6. b3 Nf6 <br>Zugfolge (2..3)</div><img src=rnbqkb1r_p4ppp_2p1pn2_1p6_P1pP4_1P2PN2_5PPP_RNBQKB1R_w_KQkq_-_1_7+oriTrue.svg>	<div>7. bxc4 bxc4 8. Bxc4<br></div><a href=https://lichess.org/analysis/rnbqkb1r/p4ppp/2p1pn2/1p6/P1pP4/1P2PN2/5PPP/RNBQKB1R_w_KQkq_-_1_7?color=white><br>0.3&gt&gt0.7<br></a><img src=rnbqkb1r_p4ppp_2p1pn2_8_P1BP4_4PN2_5PPP_RNBQK2R_b_KQkq_-_0_8+oriTrue.svg><footer>2023-11-02 21:36:24</footer>	 QGam QGam/d5-dxc4/D21 7-deep seq
<div>1. d4 d5 2. c4 dxc4 3. Nf3 b5 4. e3 e6 5. a4 c6 6. b3 Nf6 7. bxc4 bxc4 8. Bxc4 Bb4+</div><img src=rnbqk2r_p4ppp_2p1pn2_8_PbBP4_4PN2_5PPP_RNBQK2R_w_KQkq_-_1_9+oriTrue.svg>	<div> 9. Nbd2<br></div><a href=https://lichess.org/analysis/rnbqk2r/p4ppp/2p1pn2/8/PbBP4/4PN2/5PPP/RNBQK2R_w_KQkq_-_1_9?color=white><br>0.7&gt&gt0.6(0.5)<br></a><img src=rnbqk2r_p4ppp_2p1pn2_8_PbBP4_4PN2_3N1PPP_R1BQK2R_b_KQkq_-_2_9+oriTrue.svg><footer>2023-11-02 21:36:24</footer>	 QGam QGam/d5-dxc4/D21 9-deep pgn
<div>1. d4 d5 2. c4 dxc4 3. Nf3 b5 4. e3 e6 5. a4 c6 6. b3 Nf6</div><img src=rnbqkb1r_p4ppp_2p1pn2_1p6_P1pP4_1P2PN2_5PPP_RNBQKB1R_w_KQkq_-_1_7+oriTrue.svg>	<div> 7. bxc4<br></div><a href=https://lichess.org/analysis/rnbqkb1r/p4ppp/2p1pn2/1p6/P1pP4/1P2PN2/5PPP/RNBQKB1R_w_KQkq_-_1_7?color=white><br>0.4&gt&gt0.6<br></a><img src=rnbqkb1r_p4ppp_2p1pn2_1p6_P1PP4_4PN2_5PPP_RNBQKB1R_b_KQkq_-_0_7+oriTrue.svg><footer>2023-11-02 21:36:24</footer>	 QGam QGam/d5-dxc4/D21 7-deep pgn
<div>1. d4 d5 2. c4 dxc4 3. Nf3 b5 4. e3 e6 5. a4 c6 6. b3 Nf6 7. bxc4 bxc4</div><img src=rnbqkb1r_p4ppp_2p1pn2_8_P1pP4_4PN2_5PPP_RNBQKB1R_w_KQkq_-_0_8+oriTrue.svg>	<div> 8. Bxc4<br></div><a href=https://lichess.org/analysis/rnbqkb1r/p4ppp/2p1pn2/8/P1pP4/4PN2/5PPP/RNBQKB1R_w_KQkq_-_0_8?color=white><br>0.6&gt&gt0.7<br></a><img src=rnbqkb1r_p4ppp_2p1pn2_8_P1BP4_4PN2_5PPP_RNBQK2R_b_KQkq_-_0_8+oriTrue.svg><footer>2023-11-02 21:36:24</footer>	 QGam QGam/d5-dxc4/D21 8-deep pgn
<div>1. d4 d5 2. c4 dxc4 3. Nf3 b5 4. e3 e6 5. a4 c6 6. b3 Nf6 7. bxc4 bxc4 8. Bxc4 Be7</div><img src=rnbqk2r_p3bppp_2p1pn2_8_P1BP4_4PN2_5PPP_RNBQK2R_w_KQkq_-_1_9+oriTrue.svg>	<div> 9. Qe2<br></div><a href=https://lichess.org/analysis/rnbqk2r/p3bppp/2p1pn2/8/P1BP4/4PN2/5PPP/RNBQK2R_w_KQkq_-_1_9?color=white><br>0.7&gt&gt0.5(0.5)<br></a><img src=rnbqk2r_p3bppp_2p1pn2_8_P1BP4_4PN2_4QPPP_RNB1K2R_b_KQkq_-_2_9+oriTrue.svg><footer>2023-11-02 21:36:24</footer>	 QGam QGam/d5-dxc4/D21 9-deep pgn
<div>1. d4 d5 2. c4 dxc4 3. Nf3 b5 4. e3 e6 5. a4 c6 6. b3 Nf6 7. bxc4 bxc4 8. Bxc4 Ba6</div><img src=rn1qkb1r_p4ppp_b1p1pn2_8_P1BP4_4PN2_5PPP_RNBQK2R_w_KQkq_-_1_9+oriTrue.svg>	<div> 9. Qe2<br></div><a href=https://lichess.org/analysis/rn1qkb1r/p4ppp/b1p1pn2/8/P1BP4/4PN2/5PPP/RNBQK2R_w_KQkq_-_1_9?color=white><br>0.7&gt&gt0.7(0.5)<br></a><img src=rn1qkb1r_p4ppp_b1p1pn2_8_P1BP4_4PN2_4QPPP_RNB1K2R_b_KQkq_-_2_9+oriTrue.svg><footer>2023-11-02 21:36:24</footer>	 QGam QGam/d5-dxc4/D21 9-deep pgn
<div>1. d4 d5 2. c4 dxc4 3. Nf3 b5 4. e3 e6 5. a4 c6 6. b3 Nf6 7. bxc4 bxc4 8. Bxc4 Ba6 9. Qe2 Bxc4</div><img src=rn1qkb1r_p4ppp_2p1pn2_8_P1bP4_4PN2_4QPPP_RNB1K2R_w_KQkq_-_0_10+oriTrue.svg>	<div> 10. Qxc4<br></div><a href=https://lichess.org/analysis/rn1qkb1r/p4ppp/2p1pn2/8/P1bP4/4PN2/4QPPP/RNB1K2R_w_KQkq_-_0_10?color=white><br>0.7(0.5)&gt&gt0.6(0.5)<br></a><img src=rn1qkb1r_p4ppp_2p1pn2_8_P1QP4_4PN2_5PPP_RNB1K2R_b_KQkq_-_0_10+oriTrue.svg><footer>2023-11-02 21:36:24</footer>	 QGam QGam/d5-dxc4/D21 10-deep pgn
<div>1. d4 d5 2. c4 dxc4 3. Nf3 b5 4. e3 e6 5. a4 c6 6. b3 Nf6 7. bxc4 bxc4 8. Bxc4 Ba6 9. Qe2 Bxc4 10. Qxc4 Nbd7</div><img src=r2qkb1r_p2n1ppp_2p1pn2_8_P1QP4_4PN2_5PPP_RNB1K2R_w_KQkq_-_1_11+oriTrue.svg>	<div> 11. Ba3<br></div><a href=https://lichess.org/analysis/r2qkb1r/p2n1ppp/2p1pn2/8/P1QP4/4PN2/5PPP/RNB1K2R_w_KQkq_-_1_11?color=white><br>0.6(0.5)&gt&gt0.2(0.5)<br></a><img src=r2qkb1r_p2n1ppp_2p1pn2_8_P1QP4_B3PN2_5PPP_RN2K2R_b_KQkq_-_2_11+oriTrue.svg><footer>2023-11-02 21:36:24</footer>	 QGam QGam/d5-dxc4/D21 11-deep pgn
<div>1. d4 d5 2. c4 dxc4 3. Nf3 b5 4. e3 e6 5. a4 c6 6. b3 Nf6 7. bxc4 bxc4 8. Bxc4 Ba6 9. Qe2 Bxc4 10. Qxc4 c5</div><img src=rn1qkb1r_p4ppp_4pn2_2p5_P1QP4_4PN2_5PPP_RNB1K2R_w_KQkq_-_0_11+oriTrue.svg>	<div> 11. Ba3<br></div><a href=https://lichess.org/analysis/rn1qkb1r/p4ppp/4pn2/2p5/P1QP4/4PN2/5PPP/RNB1K2R_w_KQkq_-_0_11?color=white><br>0.6(0.5)&gt&gt0.1(0.5)<br></a><img src=rn1qkb1r_p4ppp_4pn2_2p5_P1QP4_B3PN2_5PPP_RN2K2R_b_KQkq_-_1_11+oriTrue.svg><footer>2023-11-02 21:36:24</footer>	 QGam QGam/d5-dxc4/D21 11-deep pgn
<div>1. d4 d5 2. c4 dxc4 3. Nf3 b5 4. e3 e6 5. a4 c6 6. b3 Nf6 7. bxc4 bxc4 8. Bxc4 Ba6 9. Qe2 Bxc4 10. Qxc4 Qd5</div><img src=rn2kb1r_p4ppp_2p1pn2_3q4_P1QP4_4PN2_5PPP_RNB1K2R_w_KQkq_-_1_11+oriTrue.svg>	<div> 11. Qc2<br></div><a href=https://lichess.org/analysis/rn2kb1r/p4ppp/2p1pn2/3q4/P1QP4/4PN2/5PPP/RNB1K2R_w_KQkq_-_1_11?color=white><br>0.6(0.5)&gt&gt0.5(0.5)<br></a><img src=rn2kb1r_p4ppp_2p1pn2_3q4_P2P4_4PN2_2Q2PPP_RNB1K2R_b_KQkq_-_2_11+oriTrue.svg><footer>2023-11-02 21:36:24</footer>	 QGam QGam/d5-dxc4/D21 11-deep pgn
<div>1. d4 d5 2. c4 dxc4 3. Nf3 b5 4. e3 e6 5. a4 c6 6. b3 Nf6 7. bxc4 bxc4 8. Bxc4 Ba6 9. Qe2 Bxc4 10. Qxc4 Qd5 11. Qc2 Na6</div><img src=r3kb1r_p4ppp_n1p1pn2_3q4_P2P4_4PN2_2Q2PPP_RNB1K2R_w_KQkq_-_3_12+oriTrue.svg>	<div> 12. O-O<br></div><a href=https://lichess.org/analysis/r3kb1r/p4ppp/n1p1pn2/3q4/P2P4/4PN2/2Q2PPP/RNB1K2R_w_KQkq_-_3_12?color=white><br>0.5(0.5)&gt&gt0.5(0.5)<br></a><img src=r3kb1r_p4ppp_n1p1pn2_3q4_P2P4_4PN2_2Q2PPP_RNB2RK1_b_kq_-_4_12+oriTrue.svg><footer>2023-11-02 21:36:24</footer>	 QGam QGam/d5-dxc4/D21 12-deep pgn
<div>1. d4 d5 2. c4 dxc4 3. Nf3 b5 4. e3 e6 5. a4 c6 6. b3 Nf6 7. bxc4 bxc4 8. Bxc4 Ba6 9. Qe2 Bxc4 10. Qxc4 Qd5 11. Qc2 Nbd7</div><img src=r3kb1r_p2n1ppp_2p1pn2_3q4_P2P4_4PN2_2Q2PPP_RNB1K2R_w_KQkq_-_3_12+oriTrue.svg>	<div> 12. O-O<br></div><a href=https://lichess.org/analysis/r3kb1r/p2n1ppp/2p1pn2/3q4/P2P4/4PN2/2Q2PPP/RNB1K2R_w_KQkq_-_3_12?color=white><br>0.5(0.5)&gt&gt0.4(0.5)<br></a><img src=r3kb1r_p2n1ppp_2p1pn2_3q4_P2P4_4PN2_2Q2PPP_RNB2RK1_b_kq_-_4_12+oriTrue.svg><footer>2023-11-02 21:36:24</footer>	 QGam QGam/d5-dxc4/D21 12-deep pgn
<div>1. d4 d5 2. c4 dxc4 3. Nf3 b5 4. e3 e6 5. a4 c6 6. b3 Nf6 7. bxc4 bxc4 8. Bxc4 Ba6 9. Qe2 Bxc4 10. Qxc4 Qd5 11. Qc2 Bb4+</div><img src=rn2k2r_p4ppp_2p1pn2_3q4_Pb1P4_4PN2_2Q2PPP_RNB1K2R_w_KQkq_-_3_12+oriTrue.svg>	<div> 12. Bd2<br></div><a href=https://lichess.org/analysis/rn2k2r/p4ppp/2p1pn2/3q4/Pb1P4/4PN2/2Q2PPP/RNB1K2R_w_KQkq_-_3_12?color=white><br>0.5(0.5)&gt&gt0.8(0.5)<br></a><img src=rn2k2r_p4ppp_2p1pn2_3q4_Pb1P4_4PN2_2QB1PPP_RN2K2R_b_KQkq_-_4_12+oriTrue.svg><footer>2023-11-02 21:36:24</footer>	 QGam QGam/d5-dxc4/D21 12-deep pgn
<div>1. d4 d5 2. c4 dxc4 3. Nf3 b5 4. e3 e6 5. a4 c6 6. b3 Nf6 7. bxc4 bxc4 8. Bxc4 Ba6 9. Qe2 Bxc4 10. Qxc4 Qd5 11. Qc2 Be7</div><img src=rn2k2r_p3bppp_2p1pn2_3q4_P2P4_4PN2_2Q2PPP_RNB1K2R_w_KQkq_-_3_12+oriTrue.svg>	<div> 12. Ba3<br></div><a href=https://lichess.org/analysis/rn2k2r/p3bppp/2p1pn2/3q4/P2P4/4PN2/2Q2PPP/RNB1K2R_w_KQkq_-_3_12?color=white><br>0.5(0.5)&gt&gt0.8(0.5)<br></a><img src=rn2k2r_p3bppp_2p1pn2_3q4_P2P4_B3PN2_2Q2PPP_RN2K2R_b_KQkq_-_4_12+oriTrue.svg><footer>2023-11-02 21:36:24</footer>	 QGam QGam/d5-dxc4/D21 12-deep pgn
<div>1. d4 d5 2. c4 dxc4 3. Nf3 b5 4. e3 e6 5. a4 c6 6. b3 Nf6 7. bxc4 bxc4 8. Bxc4 Ba6 9. Qe2 Bxc4 10. Qxc4 Qd5 11. Qc2 Be7 12. Ba3 Bxa3</div><img src=rn2k2r_p4ppp_2p1pn2_3q4_P2P4_b3PN2_2Q2PPP_RN2K2R_w_KQkq_-_0_13+oriTrue.svg>	<div> 13. Rxa3<br></div><a href=https://lichess.org/analysis/rn2k2r/p4ppp/2p1pn2/3q4/P2P4/b3PN2/2Q2PPP/RN2K2R_w_KQkq_-_0_13?color=white><br>0.8(0.5)&gt&gt0.8(0.5)<br></a><img src=rn2k2r_p4ppp_2p1pn2_3q4_P2P4_R3PN2_2Q2PPP_1N2K2R_b_Kkq_-_0_13+oriTrue.svg><footer>2023-11-02 21:36:24</footer>	 QGam QGam/d5-dxc4/D21 13-deep pgn
<div>1. d4 d5 2. c4 dxc4 3. Nf3 b5 4. e3 e6 5. a4 c6 6. b3 Nf6 7. bxc4 bxc4 8. Bxc4 Ba6 9. Qe2 Bxc4 10. Qxc4 Qd5 11. Qc2 a5</div><img src=rn2kb1r_5ppp_2p1pn2_p2q4_P2P4_4PN2_2Q2PPP_RNB1K2R_w_KQkq_-_0_12+oriTrue.svg>	<div> 12. O-O<br></div><a href=https://lichess.org/analysis/rn2kb1r/5ppp/2p1pn2/p2q4/P2P4/4PN2/2Q2PPP/RNB1K2R_w_KQkq_-_0_12?color=white><br>0.5(0.5)&gt&gt0.9(0.5)<br></a><img src=rn2kb1r_5ppp_2p1pn2_p2q4_P2P4_4PN2_2Q2PPP_RNB2RK1_b_kq_-_1_12+oriTrue.svg><footer>2023-11-02 21:36:24</footer>	 QGam QGam/d5-dxc4/D21 12-deep pgn
<div>1. d4 d5 2. c4 dxc4 3. Nf3 b5 4. e3 e6 5. a4 c6 6. b3 Nf6 7. bxc4 bxc4 8. Bxc4 Nbd7</div><img src=r1bqkb1r_p2n1ppp_2p1pn2_8_P1BP4_4PN2_5PPP_RNBQK2R_w_KQkq_-_1_9+oriTrue.svg>	<div> 9. a5<br></div><a href=https://lichess.org/analysis/r1bqkb1r/p2n1ppp/2p1pn2/8/P1BP4/4PN2/5PPP/RNBQK2R_w_KQkq_-_1_9?color=white><br>0.7&gt&gt0.8(0.5)<br></a><img src=r1bqkb1r_p2n1ppp_2p1pn2_P7_2BP4_4PN2_5PPP_RNBQK2R_b_KQkq_-_0_9+oriTrue.svg><footer>2023-11-02 21:36:24</footer>	 QGam QGam/d5-dxc4/D21 9-deep pgn
<div>1. d4 d5 2. c4 dxc4 3. Nf3 b5 4. e3 e6 5. a4 c6 6. b3 Nf6 7. bxc4 Bb4+ 8. Bd2 Bxd2</div><img src=rnbqk2r_p4ppp_2p1pn2_1p6_P1PP4_4PN2_3b1PPP_RN1QKB1R_w_KQkq_-_0_9+oriTrue.svg>	<div> 9. Qxd2<br></div><a href=https://lichess.org/analysis/rnbqk2r/p4ppp/2p1pn2/1p6/P1PP4/4PN2/3b1PPP/RN1QKB1R_w_KQkq_-_0_9?color=white><br>1.1(0.5)&gt&gt1.1(0.5)<br></a><img src=rnbqk2r_p4ppp_2p1pn2_1p6_P1PP4_4PN2_3Q1PPP_RN2KB1R_b_KQkq_-_0_9+oriTrue.svg><footer>2023-11-02 21:36:24</footer>	 QGam QGam/d5-dxc4/D21 9-deep pgn
<div>1. d4 d5 2. c4 dxc4 3. Nf3 b5 4. e3 e6 5. a4 c6 6. b3 Be7 <br>Zugfolge (2..3)</div><img src=rnbqk1nr_p3bppp_2p1p3_1p6_P1pP4_1P2PN2_5PPP_RNBQKB1R_w_KQkq_-_1_7+oriTrue.svg>	<div>7. bxc4 bxc4 8. Bxc4<br></div><a href=https://lichess.org/analysis/rnbqk1nr/p3bppp/2p1p3/1p6/P1pP4/1P2PN2/5PPP/RNBQKB1R_w_KQkq_-_1_7?color=white><br>0.3&gt&gt0.7(0.5)<br></a><img src=rnbqk1nr_p3bppp_2p1p3_8_P1BP4_4PN2_5PPP_RNBQK2R_b_KQkq_-_0_8+oriTrue.svg><footer>2023-11-02 21:36:24</footer>	 QGam QGam/d5-dxc4/D21 7-deep seq
<div>1. d4 d5 2. c4 dxc4 3. Nf3 b5 4. e3 e6 5. a4 bxa4 <br>Zugfolge (2..3)</div><img src=rnbqkbnr_p1p2ppp_4p3_8_p1pP4_4PN2_1P3PPP_RNBQKB1R_w_KQkq_-_0_6+oriTrue.svg>	<div>6. Qxa4+ Bd7 7. Qxc4<br></div><a href=https://lichess.org/analysis/rnbqkbnr/p1p2ppp/4p3/8/p1pP4/4PN2/1P3PPP/RNBQKB1R_w_KQkq_-_0_6?color=white><br>0.3&gt&gt0.9<br></a><img src=rn1qkbnr_p1pb1ppp_4p3_8_2QP4_4PN2_1P3PPP_RNB1KB1R_b_KQkq_-_0_7+oriTrue.svg><footer>2023-11-02 21:36:24</footer>	 QGam QGam/d5-dxc4/D21 6-deep seq
<div>1. d4 d5 2. c4 dxc4 3. Nf3 b5 4. e3 e6 5. a4 bxa4</div><img src=rnbqkbnr_p1p2ppp_4p3_8_p1pP4_4PN2_1P3PPP_RNBQKB1R_w_KQkq_-_0_6+oriTrue.svg>	<div> 6. Qxa4+<br></div><a href=https://lichess.org/analysis/rnbqkbnr/p1p2ppp/4p3/8/p1pP4/4PN2/1P3PPP/RNBQKB1R_w_KQkq_-_0_6?color=white><br>0.4&gt&gt1.2<br></a><img src=rnbqkbnr_p1p2ppp_4p3_8_Q1pP4_4PN2_1P3PPP_RNB1KB1R_b_KQkq_-_0_6+oriTrue.svg><footer>2023-11-02 21:36:24</footer>	 QGam QGam/d5-dxc4/D21 6-deep pgn
<div>1. d4 d5 2. c4 dxc4 3. Nf3 b5 4. e3 e6 5. a4 bxa4 6. Qxa4+ Nd7</div><img src=r1bqkbnr_p1pn1ppp_4p3_8_Q1pP4_4PN2_1P3PPP_RNB1KB1R_w_KQkq_-_1_7+oriTrue.svg>	<div> 7. Nbd2<br></div><a href=https://lichess.org/analysis/r1bqkbnr/p1pn1ppp/4p3/8/Q1pP4/4PN2/1P3PPP/RNB1KB1R_w_KQkq_-_1_7?color=white><br>1.2&gt&gt1.7(0.5)<br></a><img src=r1bqkbnr_p1pn1ppp_4p3_8_Q1pP4_4PN2_1P1N1PPP_R1B1KB1R_b_KQkq_-_2_7+oriTrue.svg><footer>2023-11-02 21:36:24</footer>	 QGam QGam/d5-dxc4/D21 7-deep pgn
<div>1. d4 d5 2. c4 dxc4 3. Nf3 b5 4. e3 e6 5. a4 bxa4 6. Qxa4+ Qd7</div><img src=rnb1kbnr_p1pq1ppp_4p3_8_Q1pP4_4PN2_1P3PPP_RNB1KB1R_w_KQkq_-_1_7+oriTrue.svg>	<div> 7. Qc2<br></div><a href=https://lichess.org/analysis/rnb1kbnr/p1pq1ppp/4p3/8/Q1pP4/4PN2/1P3PPP/RNB1KB1R_w_KQkq_-_1_7?color=white><br>1.2&gt&gt1.5(0.5)<br></a><img src=rnb1kbnr_p1pq1ppp_4p3_8_2pP4_4PN2_1PQ2PPP_RNB1KB1R_b_KQkq_-_2_7+oriTrue.svg><footer>2023-11-02 21:36:24</footer>	 QGam QGam/d5-dxc4/D21 7-deep pgn
<div>1. d4 d5 2. c4 dxc4 3. Nf3 b5 4. e3 e6 5. a4 bxa4 6. Qxa4+ Qd7 7. Qc2 Nf6</div><img src=rnb1kb1r_p1pq1ppp_4pn2_8_2pP4_4PN2_1PQ2PPP_RNB1KB1R_w_KQkq_-_3_8+oriTrue.svg>	<div> 8. Ne5<br></div><a href=https://lichess.org/analysis/rnb1kb1r/p1pq1ppp/4pn2/8/2pP4/4PN2/1PQ2PPP/RNB1KB1R_w_KQkq_-_3_8?color=white><br>1.5(0.5)&gt&gt1.5(0.5)<br></a><img src=rnb1kb1r_p1pq1ppp_4pn2_4N3_2pP4_4P3_1PQ2PPP_RNB1KB1R_b_KQkq_-_4_8+oriTrue.svg><footer>2023-11-02 21:36:24</footer>	 QGam QGam/d5-dxc4/D21 8-deep pgn
<div>1. d4 d5 2. c4 dxc4 3. Nf3 b5 4. e3 e6 5. a4 bxa4 6. Qxa4+ Qd7 7. Qc2 Bd6</div><img src=rnb1k1nr_p1pq1ppp_3bp3_8_2pP4_4PN2_1PQ2PPP_RNB1KB1R_w_KQkq_-_3_8+oriTrue.svg>	<div> 8. Na3<br></div><a href=https://lichess.org/analysis/rnb1k1nr/p1pq1ppp/3bp3/8/2pP4/4PN2/1PQ2PPP/RNB1KB1R_w_KQkq_-_3_8?color=white><br>1.5(0.5)&gt&gt1.7(0.5)<br></a><img src=rnb1k1nr_p1pq1ppp_3bp3_8_2pP4_N3PN2_1PQ2PPP_R1B1KB1R_b_KQkq_-_4_8+oriTrue.svg><footer>2023-11-02 21:36:24</footer>	 QGam QGam/d5-dxc4/D21 8-deep pgn
<div>1. d4 d5 2. c4 dxc4 3. Nf3 b5 4. e3 e6 5. a4 bxa4 6. Qxa4+ Qd7 7. Qc2 Bb7</div><img src=rn2kbnr_pbpq1ppp_4p3_8_2pP4_4PN2_1PQ2PPP_RNB1KB1R_w_KQkq_-_3_8+oriTrue.svg>	<div> 8. Ne5<br></div><a href=https://lichess.org/analysis/rn2kbnr/pbpq1ppp/4p3/8/2pP4/4PN2/1PQ2PPP/RNB1KB1R_w_KQkq_-_3_8?color=white><br>1.5(0.5)&gt&gt1.5(0.5)<br></a><img src=rn2kbnr_pbpq1ppp_4p3_4N3_2pP4_4P3_1PQ2PPP_RNB1KB1R_b_KQkq_-_4_8+oriTrue.svg><footer>2023-11-02 21:36:24</footer>	 QGam QGam/d5-dxc4/D21 8-deep pgn
<div>1. d4 d5 2. c4 dxc4 3. Nf3 b5 4. e3 e6 5. a4 bxa4 6. Qxa4+ Qd7 7. Qc2 Nc6</div><img src=r1b1kbnr_p1pq1ppp_2n1p3_8_2pP4_4PN2_1PQ2PPP_RNB1KB1R_w_KQkq_-_3_8+oriTrue.svg>	<div> 8. Bxc4<br></div><a href=https://lichess.org/analysis/r1b1kbnr/p1pq1ppp/2n1p3/8/2pP4/4PN2/1PQ2PPP/RNB1KB1R_w_KQkq_-_3_8?color=white><br>1.5(0.5)&gt&gt1.4(0.5)<br></a><img src=r1b1kbnr_p1pq1ppp_2n1p3_8_2BP4_4PN2_1PQ2PPP_RNB1K2R_b_KQkq_-_0_8+oriTrue.svg><footer>2023-11-02 21:36:24</footer>	 QGam QGam/d5-dxc4/D21 8-deep pgn
<div>1. d4 d5 2. c4 dxc4 3. Nf3 b5 4. e3 e6 5. a4 bxa4 6. Qxa4+ Qd7 7. Qc2 Nc6 8. Bxc4 Nb4</div><img src=r1b1kbnr_p1pq1ppp_4p3_8_1nBP4_4PN2_1PQ2PPP_RNB1K2R_w_KQkq_-_1_9+oriTrue.svg>	<div> 9. Qe2<br></div><a href=https://lichess.org/analysis/r1b1kbnr/p1pq1ppp/4p3/8/1nBP4/4PN2/1PQ2PPP/RNB1K2R_w_KQkq_-_1_9?color=white><br>1.4(0.5)&gt&gt1.8(0.5)<br></a><img src=r1b1kbnr_p1pq1ppp_4p3_8_1nBP4_4PN2_1P2QPPP_RNB1K2R_b_KQkq_-_2_9+oriTrue.svg><footer>2023-11-02 21:36:24</footer>	 QGam QGam/d5-dxc4/D21 9-deep pgn
<div>1. d4 d5 2. c4 dxc4 3. Nf3 b5 4. e3 e6 5. a4 bxa4 6. Qxa4+ Qd7 7. Qc2 Nc6 8. Bxc4 Bb7</div><img src=r3kbnr_pbpq1ppp_2n1p3_8_2BP4_4PN2_1PQ2PPP_RNB1K2R_w_KQkq_-_1_9+oriTrue.svg>	<div> 9. O-O<br></div><a href=https://lichess.org/analysis/r3kbnr/pbpq1ppp/2n1p3/8/2BP4/4PN2/1PQ2PPP/RNB1K2R_w_KQkq_-_1_9?color=white><br>1.4(0.5)&gt&gt1.8(0.5)<br></a><img src=r3kbnr_pbpq1ppp_2n1p3_8_2BP4_4PN2_1PQ2PPP_RNB2RK1_b_kq_-_2_9+oriTrue.svg><footer>2023-11-02 21:36:24</footer>	 QGam QGam/d5-dxc4/D21 9-deep pgn
<div>1. d4 d5 2. c4 dxc4 3. Nf3 b5 4. e3 e6 5. a4 bxa4 6. Qxa4+ Qd7 7. Qc2 Nc6 8. Bxc4 Bd6</div><img src=r1b1k1nr_p1pq1ppp_2nbp3_8_2BP4_4PN2_1PQ2PPP_RNB1K2R_w_KQkq_-_1_9+oriTrue.svg>	<div> 9. O-O<br></div><a href=https://lichess.org/analysis/r1b1k1nr/p1pq1ppp/2nbp3/8/2BP4/4PN2/1PQ2PPP/RNB1K2R_w_KQkq_-_1_9?color=white><br>1.4(0.5)&gt&gt1.3(0.5)<br></a><img src=r1b1k1nr_p1pq1ppp_2nbp3_8_2BP4_4PN2_1PQ2PPP_RNB2RK1_b_kq_-_2_9+oriTrue.svg><footer>2023-11-02 21:36:24</footer>	 QGam QGam/d5-dxc4/D21 9-deep pgn
<div>1. d4 d5 2. c4 dxc4 3. Nf3 b5 4. e3 Nf6</div><img src=rnbqkb1r_p1p1pppp_5n2_1p6_2pP4_4PN2_PP3PPP_RNBQKB1R_w_KQkq_-_1_5+oriTrue.svg>	<div> 5. a4<br></div><a href=https://lichess.org/analysis/rnbqkb1r/p1p1pppp/5n2/1p6/2pP4/4PN2/PP3PPP/RNBQKB1R_w_KQkq_-_1_5?color=white><br>0.6&gt&gt0.3<br></a><img src=rnbqkb1r_p1p1pppp_5n2_1p6_P1pP4_4PN2_1P3PPP_RNBQKB1R_b_KQkq_-_0_5+oriTrue.svg><footer>2023-11-02 21:36:24</footer>	 QGam QGam/d5-dxc4/D21 5-deep pgn
<div>1. d4 d5 2. c4 dxc4 3. Nf3 b5 4. e3 Nf6 5. a4 b4</div><img src=rnbqkb1r_p1p1pppp_5n2_8_PppP4_4PN2_1P3PPP_RNBQKB1R_w_KQkq_-_0_6+oriTrue.svg>	<div> 6. a5<br></div><a href=https://lichess.org/analysis/rnbqkb1r/p1p1pppp/5n2/8/PppP4/4PN2/1P3PPP/RNBQKB1R_w_KQkq_-_0_6?color=white><br>0.3&gt&gt0.6<br></a><img src=rnbqkb1r_p1p1pppp_5n2_P7_1ppP4_4PN2_1P3PPP_RNBQKB1R_b_KQkq_-_0_6+oriTrue.svg><footer>2023-11-02 21:36:24</footer>	 QGam QGam/d5-dxc4/D21 6-deep pgn
<div>1. d4 d5 2. c4 dxc4 3. Nf3 b5 4. e3 Nf6 5. a4 b4 6. a5 Ba6</div><img src=rn1qkb1r_p1p1pppp_b4n2_P7_1ppP4_4PN2_1P3PPP_RNBQKB1R_w_KQkq_-_1_7+oriTrue.svg>	<div> 7. Ne5<br></div><a href=https://lichess.org/analysis/rn1qkb1r/p1p1pppp/b4n2/P7/1ppP4/4PN2/1P3PPP/RNBQKB1R_w_KQkq_-_1_7?color=white><br>0.6&gt&gt0.3(0.5)<br></a><img src=rn1qkb1r_p1p1pppp_b4n2_P3N3_1ppP4_4P3_1P3PPP_RNBQKB1R_b_KQkq_-_2_7+oriTrue.svg><footer>2023-11-02 21:36:24</footer>	 QGam QGam/d5-dxc4/D21 7-deep pgn
<div>1. d4 d5 2. c4 dxc4 3. Nf3 b5 4. e3 Nf6 5. a4 b4 6. a5 Ba6 7. Ne5 c6</div><img src=rn1qkb1r_p3pppp_b1p2n2_P3N3_1ppP4_4P3_1P3PPP_RNBQKB1R_w_KQkq_-_0_8+oriTrue.svg>	<div> 8. Nd2<br></div><a href=https://lichess.org/analysis/rn1qkb1r/p3pppp/b1p2n2/P3N3/1ppP4/4P3/1P3PPP/RNBQKB1R_w_KQkq_-_0_8?color=white><br>0.3(0.5)&gt&gt0.3(0.5)<br></a><img src=rn1qkb1r_p3pppp_b1p2n2_P3N3_1ppP4_4P3_1P1N1PPP_R1BQKB1R_b_KQkq_-_1_8+oriTrue.svg><footer>2023-11-02 21:36:24</footer>	 QGam QGam/d5-dxc4/D21 8-deep pgn
<div>1. d4 d5 2. c4 dxc4 3. Nf3 b5 4. e3 Nf6 5. a4 b4 6. a5 Ba6 7. Ne5 c6 8. Nd2 c3 <br>Zugfolge (2..3)</div><img src=rn1qkb1r_p3pppp_b1p2n2_P3N3_1p1P4_2p1P3_1P1N1PPP_R1BQKB1R_w_KQkq_-_0_9+oriTrue.svg>	<div>9. bxc3<br></div><a href=https://lichess.org/analysis/rn1qkb1r/p3pppp/b1p2n2/P3N3/1p1P4/2p1P3/1P1N1PPP/R1BQKB1R_w_KQkq_-_0_9?color=white><br>0.3&gt&gt0.2(0.5)<br></a><img src=rn1qkb1r_p3pppp_b1p2n2_P3N3_1p1P4_2P1P3_3N1PPP_R1BQKB1R_b_KQkq_-_0_9+oriTrue.svg><footer>2023-11-02 21:36:24</footer>	 QGam QGam/d5-dxc4/D21 9-deep seq
<div>1. d4 d5 2. c4 dxc4 3. Nf3 b5 4. e3 Nf6 5. a4 b4 6. a5 Ba6 7. Ne5 c6 8. Nd2 c3 9. bxc3 bxc3</div><img src=rn1qkb1r_p3pppp_b1p2n2_P3N3_3P4_2p1P3_3N1PPP_R1BQKB1R_w_KQkq_-_0_10+oriTrue.svg>	<div> 10. Ndc4<br></div><a href=https://lichess.org/analysis/rn1qkb1r/p3pppp/b1p2n2/P3N3/3P4/2p1P3/3N1PPP/R1BQKB1R_w_KQkq_-_0_10?color=white><br>0.2(0.5)&gt&gt0.2(0.5)<br></a><img src=rn1qkb1r_p3pppp_b1p2n2_P3N3_2NP4_2p1P3_5PPP_R1BQKB1R_b_KQkq_-_1_10+oriTrue.svg><footer>2023-11-02 21:36:24</footer>	 QGam QGam/d5-dxc4/D21 10-deep pgn
<div>1. d4 d5 2. c4 dxc4 3. Nf3 b5 4. e3 Nf6 5. a4 b4 6. a5 Ba6 7. Ne5 c6 8. Nd2 c3 9. bxc3 bxc3 10. Ndc4 e6</div><img src=rn1qkb1r_p4ppp_b1p1pn2_P3N3_2NP4_2p1P3_5PPP_R1BQKB1R_w_KQkq_-_0_11+oriTrue.svg>	<div> 11. Qb3<br></div><a href=https://lichess.org/analysis/rn1qkb1r/p4ppp/b1p1pn2/P3N3/2NP4/2p1P3/5PPP/R1BQKB1R_w_KQkq_-_0_11?color=white><br>0.2(0.5)&gt&gt-0.1(0.5)<br></a><img src=rn1qkb1r_p4ppp_b1p1pn2_P3N3_2NP4_1Qp1P3_5PPP_R1B1KB1R_b_KQkq_-_1_11+oriTrue.svg><footer>2023-11-02 21:36:24</footer>	 QGam QGam/d5-dxc4/D21 11-deep pgn
<div>1. d4 d5 2. c4 dxc4 3. Nf3 b5 4. e3 Nf6 5. a4 b4 6. a5 Ba6 7. Ne5 e6 8. Qa4+ Nfd7</div><img src=rn1qkb1r_p1pn1ppp_b3p3_P3N3_QppP4_4P3_1P3PPP_RNB1KB1R_w_KQkq_-_2_9+oriTrue.svg>	<div> 9. Nd2<br></div><a href=https://lichess.org/analysis/rn1qkb1r/p1pn1ppp/b3p3/P3N3/QppP4/4P3/1P3PPP/RNB1KB1R_w_KQkq_-_2_9?color=white><br>0.6(0.5)&gt&gt0.8(0.5)<br></a><img src=rn1qkb1r_p1pn1ppp_b3p3_P3N3_QppP4_4P3_1P1N1PPP_R1B1KB1R_b_KQkq_-_3_9+oriTrue.svg><footer>2023-11-02 21:36:24</footer>	 QGam QGam/d5-dxc4/D21 9-deep pgn
<div>1. d4 d5 2. c4 dxc4 3. Nf3 b5 4. e3 Nf6 5. a4 b4 6. a5 Ba6 7. Ne5 e6 8. Qa4+ Nfd7 9. Nd2 Bd6</div><img src=rn1qk2r_p1pn1ppp_b2bp3_P3N3_QppP4_4P3_1P1N1PPP_R1B1KB1R_w_KQkq_-_4_10+oriTrue.svg>	<div> 10. Ndxc4<br></div><a href=https://lichess.org/analysis/rn1qk2r/p1pn1ppp/b2bp3/P3N3/QppP4/4P3/1P1N1PPP/R1B1KB1R_w_KQkq_-_4_10?color=white><br>0.8(0.5)&gt&gt0.5(0.5)<br></a><img src=rn1qk2r_p1pn1ppp_b2bp3_P3N3_QpNP4_4P3_1P3PPP_R1B1KB1R_b_KQkq_-_0_10+oriTrue.svg><footer>2023-11-02 21:36:24</footer>	 QGam QGam/d5-dxc4/D21 10-deep pgn
<div>1. d4 d5 2. c4 dxc4 3. Nf3 b5 4. e3 Nf6 5. a4 b4 6. a5 Ba6 7. Ne5 e6 8. Qa4+ Nfd7 9. Nd2 Bd6 10. Ndxc4 Bxe5</div><img src=rn1qk2r_p1pn1ppp_b3p3_P3b3_QpNP4_4P3_1P3PPP_R1B1KB1R_w_KQkq_-_0_11+oriTrue.svg>	<div> 11. Nxe5<br></div><a href=https://lichess.org/analysis/rn1qk2r/p1pn1ppp/b3p3/P3b3/QpNP4/4P3/1P3PPP/R1B1KB1R_w_KQkq_-_0_11?color=white><br>0.5(0.5)&gt&gt0.3(0.5)<br></a><img src=rn1qk2r_p1pn1ppp_b3p3_P3N3_Qp1P4_4P3_1P3PPP_R1B1KB1R_b_KQkq_-_0_11+oriTrue.svg><footer>2023-11-02 21:36:24</footer>	 QGam QGam/d5-dxc4/D21 11-deep pgn
<div>1. d4 d5 2. c4 dxc4 3. Nf3 b5 4. e3 Nf6 5. a4 b4 6. a5 Ba6 7. Ne5 e6 8. Qa4+ Nfd7 9. Nd2 Qc8</div><img src=rnq1kb1r_p1pn1ppp_b3p3_P3N3_QppP4_4P3_1P1N1PPP_R1B1KB1R_w_KQkq_-_4_10+oriTrue.svg>	<div> 10. Bxc4<br></div><a href=https://lichess.org/analysis/rnq1kb1r/p1pn1ppp/b3p3/P3N3/QppP4/4P3/1P1N1PPP/R1B1KB1R_w_KQkq_-_4_10?color=white><br>0.8(0.5)&gt&gt0.8(0.5)<br></a><img src=rnq1kb1r_p1pn1ppp_b3p3_P3N3_QpBP4_4P3_1P1N1PPP_R1B1K2R_b_KQkq_-_0_10+oriTrue.svg><footer>2023-11-02 21:36:24</footer>	 QGam QGam/d5-dxc4/D21 10-deep pgn
<div>1. d4 d5 2. c4 dxc4 3. Nf3 b5 4. e3 Nf6 5. a4 b4 6. a5 Ba6 7. Ne5 e6 8. Qa4+ Nfd7 9. Nd2 c3 <br>Zugfolge (5..8)</div><img src=rn1qkb1r_p1pn1ppp_b3p3_P3N3_Qp1P4_2p1P3_1P1N1PPP_R1B1KB1R_w_KQkq_-_0_10+oriTrue.svg>	<div>10. Bxa6 cxd2+ 11. Bxd2 Nxa6 12. Qc6 Rb8 13. Rc1 Qc8 14. Nxd7 Qxd7 15. Qxa6<br></div><a href=https://lichess.org/analysis/rn1qkb1r/p1pn1ppp/b3p3/P3N3/Qp1P4/2p1P3/1P1N1PPP/R1B1KB1R_w_KQkq_-_0_10?color=white><br>0.3&gt&gt1.0(0.5)<br></a><img src=1r2kb1r_p1pq1ppp_Q3p3_P7_1p1P4_4P3_1P1B1PPP_2R1K2R_b_Kk_-_0_15+oriTrue.svg><footer>2023-11-02 21:36:24</footer>	 QGam QGam/d5-dxc4/D21 10-deep seq
<div>1. d4 d5 2. c4 dxc4 3. Nf3 b5 4. e3 Nf6 5. a4 b4 6. a5 Ba6 7. Ne5 e6 8. Qa4+ Nfd7 9. Nd2 Be7</div><img src=rn1qk2r_p1pnbppp_b3p3_P3N3_QppP4_4P3_1P1N1PPP_R1B1KB1R_w_KQkq_-_4_10+oriTrue.svg>	<div> 10. Bxc4<br></div><a href=https://lichess.org/analysis/rn1qk2r/p1pnbppp/b3p3/P3N3/QppP4/4P3/1P1N1PPP/R1B1KB1R_w_KQkq_-_4_10?color=white><br>0.8(0.5)&gt&gt1.0(0.5)<br></a><img src=rn1qk2r_p1pnbppp_b3p3_P3N3_QpBP4_4P3_1P1N1PPP_R1B1K2R_b_KQkq_-_0_10+oriTrue.svg><footer>2023-11-02 21:36:24</footer>	 QGam QGam/d5-dxc4/D21 10-deep pgn
<div>1. d4 d5 2. c4 dxc4 3. Nf3 b5 4. e3 Nf6 5. a4 b4 6. a5 Ba6 7. Ne5 e6 8. Qa4+ Nfd7 9. Nd2 c5</div><img src=rn1qkb1r_p2n1ppp_b3p3_P1p1N3_QppP4_4P3_1P1N1PPP_R1B1KB1R_w_KQkq_-_0_10+oriTrue.svg>	<div> 10. Bxc4<br></div><a href=https://lichess.org/analysis/rn1qkb1r/p2n1ppp/b3p3/P1p1N3/QppP4/4P3/1P1N1PPP/R1B1KB1R_w_KQkq_-_0_10?color=white><br>0.8(0.5)&gt&gt1.2(0.5)<br></a><img src=rn1qkb1r_p2n1ppp_b3p3_P1p1N3_QpBP4_4P3_1P1N1PPP_R1B1K2R_b_KQkq_-_0_10+oriTrue.svg><footer>2023-11-02 21:36:24</footer>	 QGam QGam/d5-dxc4/D21 10-deep pgn
<div>1. d4 d5 2. c4 dxc4 3. Nf3 b5 4. e3 Nf6 5. a4 b4 6. a5 c5</div><img src=rnbqkb1r_p3pppp_5n2_P1p5_1ppP4_4PN2_1P3PPP_RNBQKB1R_w_KQkq_-_0_7+oriTrue.svg>	<div> 7. Bxc4<br></div><a href=https://lichess.org/analysis/rnbqkb1r/p3pppp/5n2/P1p5/1ppP4/4PN2/1P3PPP/RNBQKB1R_w_KQkq_-_0_7?color=white><br>0.6&gt&gt0.8(0.5)<br></a><img src=rnbqkb1r_p3pppp_5n2_P1p5_1pBP4_4PN2_1P3PPP_RNBQK2R_b_KQkq_-_0_7+oriTrue.svg><footer>2023-11-02 21:36:24</footer>	 QGam QGam/d5-dxc4/D21 7-deep pgn
<div>1. d4 d5 2. c4 dxc4 3. Nf3 b5 4. e3 Nf6 5. a4 b4 6. a5 e6</div><img src=rnbqkb1r_p1p2ppp_4pn2_P7_1ppP4_4PN2_1P3PPP_RNBQKB1R_w_KQkq_-_0_7+oriTrue.svg>	<div> 7. Bxc4<br></div><a href=https://lichess.org/analysis/rnbqkb1r/p1p2ppp/4pn2/P7/1ppP4/4PN2/1P3PPP/RNBQKB1R_w_KQkq_-_0_7?color=white><br>0.6&gt&gt0.7<br></a><img src=rnbqkb1r_p1p2ppp_4pn2_P7_1pBP4_4PN2_1P3PPP_RNBQK2R_b_KQkq_-_0_7+oriTrue.svg><footer>2023-11-02 21:36:24</footer>	 QGam QGam/d5-dxc4/D21 7-deep pgn
<div>1. d4 d5 2. c4 dxc4 3. Nf3 b5 4. e3 Bb7</div><img src=rn1qkbnr_pbp1pppp_8_1p6_2pP4_4PN2_PP3PPP_RNBQKB1R_w_KQkq_-_1_5+oriTrue.svg>	<div> 5. a4<br></div><a href=https://lichess.org/analysis/rn1qkbnr/pbp1pppp/8/1p6/2pP4/4PN2/PP3PPP/RNBQKB1R_w_KQkq_-_1_5?color=white><br>0.6&gt&gt0.7<br></a><img src=rn1qkbnr_pbp1pppp_8_1p6_P1pP4_4PN2_1P3PPP_RNBQKB1R_b_KQkq_-_0_5+oriTrue.svg><footer>2023-11-02 21:36:24</footer>	 QGam QGam/d5-dxc4/D21 5-deep pgn
<div>1. d4 d5 2. c4 dxc4 3. Nf3 b5 4. e3 Bb7 5. a4 a6</div><img src=rn1qkbnr_1bp1pppp_p7_1p6_P1pP4_4PN2_1P3PPP_RNBQKB1R_w_KQkq_-_0_6+oriTrue.svg>	<div> 6. b3<br></div><a href=https://lichess.org/analysis/rn1qkbnr/1bp1pppp/p7/1p6/P1pP4/4PN2/1P3PPP/RNBQKB1R_w_KQkq_-_0_6?color=white><br>0.7&gt&gt0.6<br></a><img src=rn1qkbnr_1bp1pppp_p7_1p6_P1pP4_1P2PN2_5PPP_RNBQKB1R_b_KQkq_-_0_6+oriTrue.svg><footer>2023-11-02 21:36:24</footer>	 QGam QGam/d5-dxc4/D21 6-deep pgn
<div>1. d4 d5 2. c4 dxc4 3. Nf3 b5 4. e3 Bb7 5. a4 a6 6. b3 e6 <br>Zugfolge (2..3)</div><img src=rn1qkbnr_1bp2ppp_p3p3_1p6_P1pP4_1P2PN2_5PPP_RNBQKB1R_w_KQkq_-_0_7+oriTrue.svg>	<div>7. bxc4 bxc4 8. Bxc4<br></div><a href=https://lichess.org/analysis/rn1qkbnr/1bp2ppp/p3p3/1p6/P1pP4/1P2PN2/5PPP/RNBQKB1R_w_KQkq_-_0_7?color=white><br>0.3&gt&gt0.6<br></a><img src=rn1qkbnr_1bp2ppp_p3p3_8_P1BP4_4PN2_5PPP_RNBQK2R_b_KQkq_-_0_8+oriTrue.svg><footer>2023-11-02 21:36:24</footer>	 QGam QGam/d5-dxc4/D21 7-deep seq
<div>1. d4 d5 2. c4 dxc4 3. Nf3 b5 4. e3 Bb7 5. a4 a6 6. b3 e6 7. bxc4 bxc4 8. Bxc4 c5</div><img src=rn1qkbnr_1b3ppp_p3p3_2p5_P1BP4_4PN2_5PPP_RNBQK2R_w_KQkq_-_0_9+oriTrue.svg>	<div> 9. O-O<br></div><a href=https://lichess.org/analysis/rn1qkbnr/1b3ppp/p3p3/2p5/P1BP4/4PN2/5PPP/RNBQK2R_w_KQkq_-_0_9?color=white><br>0.6&gt&gt0.6<br></a><img src=rn1qkbnr_1b3ppp_p3p3_2p5_P1BP4_4PN2_5PPP_RNBQ1RK1_b_kq_-_1_9+oriTrue.svg><footer>2023-11-02 21:36:24</footer>	 QGam QGam/d5-dxc4/D21 9-deep pgn
<div>1. d4 d5 2. c4 dxc4 3. Nf3 b5 4. e3 Bb7 5. a4 a6 6. b3 e6 7. bxc4 bxc4 8. Bxc4 Nf6</div><img src=rn1qkb1r_1bp2ppp_p3pn2_8_P1BP4_4PN2_5PPP_RNBQK2R_w_KQkq_-_1_9+oriTrue.svg>	<div> 9. O-O<br></div><a href=https://lichess.org/analysis/rn1qkb1r/1bp2ppp/p3pn2/8/P1BP4/4PN2/5PPP/RNBQK2R_w_KQkq_-_1_9?color=white><br>0.6&gt&gt0.5<br></a><img src=rn1qkb1r_1bp2ppp_p3pn2_8_P1BP4_4PN2_5PPP_RNBQ1RK1_b_kq_-_2_9+oriTrue.svg><footer>2023-11-02 21:36:24</footer>	 QGam QGam/d5-dxc4/D21 9-deep pgn
<div>1. d4 d5 2. c4 dxc4 3. Nf3 b5 4. e3 Bb7 5. a4 a6 6. b3 e6 7. bxc4 bxc4 8. Bxc4 Nd7</div><img src=r2qkbnr_1bpn1ppp_p3p3_8_P1BP4_4PN2_5PPP_RNBQK2R_w_KQkq_-_1_9+oriTrue.svg>	<div> 9. O-O<br></div><a href=https://lichess.org/analysis/r2qkbnr/1bpn1ppp/p3p3/8/P1BP4/4PN2/5PPP/RNBQK2R_w_KQkq_-_1_9?color=white><br>0.6&gt&gt0.5<br></a><img src=r2qkbnr_1bpn1ppp_p3p3_8_P1BP4_4PN2_5PPP_RNBQ1RK1_b_kq_-_2_9+oriTrue.svg><footer>2023-11-02 21:36:24</footer>	 QGam QGam/d5-dxc4/D21 9-deep pgn
<div>1. d4 d5 2. c4 dxc4 3. Nf3 b5 4. e3 Bb7 5. a4 a6 6. b3 e6 7. bxc4 bxc4 8. Bxc4 Bb4+</div><img src=rn1qk1nr_1bp2ppp_p3p3_8_PbBP4_4PN2_5PPP_RNBQK2R_w_KQkq_-_1_9+oriTrue.svg>	<div> 9. Nbd2<br></div><a href=https://lichess.org/analysis/rn1qk1nr/1bp2ppp/p3p3/8/PbBP4/4PN2/5PPP/RNBQK2R_w_KQkq_-_1_9?color=white><br>0.6&gt&gt0.8<br></a><img src=rn1qk1nr_1bp2ppp_p3p3_8_PbBP4_4PN2_3N1PPP_R1BQK2R_b_KQkq_-_2_9+oriTrue.svg><footer>2023-11-02 21:36:24</footer>	 QGam QGam/d5-dxc4/D21 9-deep pgn
<div>1. d4 d5 2. c4 dxc4 3. Nf3 b5 4. e3 Bb7 5. a4 a6 6. b3 Nd7 7. bxc4 bxc4 8. Bxc4 e6</div><img src=r2qkbnr_1bpn1ppp_p3p3_8_P1BP4_4PN2_5PPP_RNBQK2R_w_KQkq_-_0_9+oriTrue.svg>	<div> 9. O-O<br></div><a href=https://lichess.org/analysis/r2qkbnr/1bpn1ppp/p3p3/8/P1BP4/4PN2/5PPP/RNBQK2R_w_KQkq_-_0_9?color=white><br>0.7(0.5)&gt&gt0.5<br></a><img src=r2qkbnr_1bpn1ppp_p3p3_8_P1BP4_4PN2_5PPP_RNBQ1RK1_b_kq_-_1_9+oriTrue.svg><footer>2023-11-02 21:36:24</footer>	 QGam QGam/d5-dxc4/D21 9-deep pgn
<div>1. d4 d5 2. c4 dxc4 3. Nf3 b5 4. e3 Bb7 5. a4 a6 6. b3 Nf6 7. bxc4 bxc4 8. Bxc4 e6</div><img src=rn1qkb1r_1bp2ppp_p3pn2_8_P1BP4_4PN2_5PPP_RNBQK2R_w_KQkq_-_0_9+oriTrue.svg>	<div> 9. O-O<br></div><a href=https://lichess.org/analysis/rn1qkb1r/1bp2ppp/p3pn2/8/P1BP4/4PN2/5PPP/RNBQK2R_w_KQkq_-_0_9?color=white><br>0.6&gt&gt0.5<br></a><img src=rn1qkb1r_1bp2ppp_p3pn2_8_P1BP4_4PN2_5PPP_RNBQ1RK1_b_kq_-_1_9+oriTrue.svg><footer>2023-11-02 21:36:24</footer>	 QGam QGam/d5-dxc4/D21 9-deep pgn
<div>1. d4 d5 2. c4 dxc4 3. Nf3 b5 4. e3 Bb7 5. a4 b4</div><img src=rn1qkbnr_pbp1pppp_8_8_PppP4_4PN2_1P3PPP_RNBQKB1R_w_KQkq_-_0_6+oriTrue.svg>	<div> 6. a5 {Oder Nbd2, Bxc4}<br></div><a href=https://lichess.org/analysis/rn1qkbnr/pbp1pppp/8/8/PppP4/4PN2/1P3PPP/RNBQKB1R_w_KQkq_-_0_6?color=white><br>0.7&gt&gt0.9(0.5)<br></a><img src=rn1qkbnr_pbp1pppp_8_P7_1ppP4_4PN2_1P3PPP_RNBQKB1R_b_KQkq_-_0_6+oriTrue.svg><footer>2023-11-02 21:36:24</footer>	 QGam QGam/d5-dxc4/D21 6-deep pgn
<div>1. d4 d5 2. c4 dxc4 3. Nf3 b5 4. e3 Bb7 5. a4 b4 6. a5 e6 <br>Zugfolge (2..3)</div><img src=rn1qkbnr_pbp2ppp_4p3_P7_1ppP4_4PN2_1P3PPP_RNBQKB1R_w_KQkq_-_0_7+oriTrue.svg>	<div>7. a6 Nxa6 8. Rxa6<br></div><a href=https://lichess.org/analysis/rn1qkbnr/pbp2ppp/4p3/P7/1ppP4/4PN2/1P3PPP/RNBQKB1R_w_KQkq_-_0_7?color=white><br>0.3&gt&gt5.0(0.5)<br></a><img src=r2qkbnr_pbp2ppp_R3p3_8_1ppP4_4PN2_1P3PPP_1NBQKB1R_b_Kkq_-_0_8+oriTrue.svg><footer>2023-11-02 21:36:24</footer>	 QGam QGam/d5-dxc4/D21 7-deep seq
<div>1. d4 d5 2. c4 dxc4 3. Nf3 b5 4. e3 Bb7 5. a4 b4 6. a5 e6 7. a6 Bd5</div><img src=rn1qkbnr_p1p2ppp_P3p3_3b4_1ppP4_4PN2_1P3PPP_RNBQKB1R_w_KQkq_-_1_8+oriTrue.svg>	<div> 8. Nbd2<br></div><a href=https://lichess.org/analysis/rn1qkbnr/p1p2ppp/P3p3/3b4/1ppP4/4PN2/1P3PPP/RNBQKB1R_w_KQkq_-_1_8?color=white><br>0.7(0.5)&gt&gt0.9(0.5)<br></a><img src=rn1qkbnr_p1p2ppp_P3p3_3b4_1ppP4_4PN2_1P1N1PPP_R1BQKB1R_b_KQkq_-_2_8+oriTrue.svg><footer>2023-11-02 21:36:24</footer>	 QGam QGam/d5-dxc4/D21 8-deep pgn
<div>1. d4 d5 2. c4 dxc4 3. Nf3 b5 4. e3 Bb7 5. a4 b4 6. a5 e6 7. a6 Bd5 8. Nbd2 c3 <br>Zugfolge (2..3)</div><img src=rn1qkbnr_p1p2ppp_P3p3_3b4_1p1P4_2p1PN2_1P1N1PPP_R1BQKB1R_w_KQkq_-_0_9+oriTrue.svg>	<div>9. bxc3 bxc3 10. Nb1<br></div><a href=https://lichess.org/analysis/rn1qkbnr/p1p2ppp/P3p3/3b4/1p1P4/2p1PN2/1P1N1PPP/R1BQKB1R_w_KQkq_-_0_9?color=white><br>0.3&gt&gt1.2(0.5)<br></a><img src=rn1qkbnr_p1p2ppp_P3p3_3b4_3P4_2p1PN2_5PPP_RNBQKB1R_b_KQkq_-_1_10+oriTrue.svg><footer>2023-11-02 21:36:24</footer>	 QGam QGam/d5-dxc4/D21 9-deep seq
<div>1. d4 d5 2. c4 dxc4 3. Nf3 b5 4. e3 Bb7 5. a4 b4 6. a5 e6 7. a6 Bd5 8. Nbd2 c3 9. bxc3 bxc3 10. Nb1 Bb4 <br>Zugfolge (2..3)</div><img src=rn1qk1nr_p1p2ppp_P3p3_3b4_1b1P4_2p1PN2_5PPP_RNBQKB1R_w_KQkq_-_2_11+oriTrue.svg>	<div>11. Qa4+ Nc6 12. Bb5 Qd6 13. O-O<br></div><a href=https://lichess.org/analysis/rn1qk1nr/p1p2ppp/P3p3/3b4/1b1P4/2p1PN2/5PPP/RNBQKB1R_w_KQkq_-_2_11?color=white><br>0.3&gt&gt1.3(0.5)<br></a><img src=r3k1nr_p1p2ppp_P1nqp3_1B1b4_Qb1P4_2p1PN2_5PPP_RNB2RK1_b_kq_-_7_13+oriTrue.svg><footer>2023-11-02 21:36:24</footer>	 QGam QGam/d5-dxc4/D21 11-deep seq
<div>1. d4 d5 2. c4 dxc4 3. Nf3 b5 4. e3 Bb7 5. a4 b4 6. a5 e6 7. a6 Bd5 8. Nbd2 c3 9. bxc3 bxc3 10. Nb1 Bb4 11. Qa4+ Nc6 12. Bb5 Qd6 13. O-O Bxf3 14. gxf3 Ne7</div><img src=r3k2r_p1p1nppp_P1nqp3_1B6_Qb1P4_2p1PP2_5P1P_RNB2RK1_w_kq_-_1_15+oriTrue.svg>	<div> 15. Ba3<br></div><a href=https://lichess.org/analysis/r3k2r/p1p1nppp/P1nqp3/1B6/Qb1P4/2p1PP2/5P1P/RNB2RK1_w_kq_-_1_15?color=white><br>1.3(0.5)&gt&gt1.4(0.5)<br></a><img src=r3k2r_p1p1nppp_P1nqp3_1B6_Qb1P4_B1p1PP2_5P1P_RN3RK1_b_kq_-_2_15+oriTrue.svg><footer>2023-11-02 21:36:24</footer>	 QGam QGam/d5-dxc4/D21 15-deep pgn
<div>1. d4 d5 2. c4 dxc4 3. Nf3 b5 4. e3 Bb7 5. a4 b4 6. a5 e6 7. a6 Bd5 8. Nbd2 c3 9. bxc3 bxc3 10. Nb1 Bb4 11. Qa4+ Nc6 12. Bb5 Qd6 13. O-O Bxf3 14. gxf3 Ne7 15. Ba3 Bxa3</div><img src=r3k2r_p1p1nppp_P1nqp3_1B6_Q2P4_b1p1PP2_5P1P_RN3RK1_w_kq_-_0_16+oriTrue.svg>	<div> 16. Rxa3<br></div><a href=https://lichess.org/analysis/r3k2r/p1p1nppp/P1nqp3/1B6/Q2P4/b1p1PP2/5P1P/RN3RK1_w_kq_-_0_16?color=white><br>1.4(0.5)&gt&gt1.3(0.5)<br></a><img src=r3k2r_p1p1nppp_P1nqp3_1B6_Q2P4_R1p1PP2_5P1P_1N3RK1_b_kq_-_0_16+oriTrue.svg><footer>2023-11-02 21:36:24</footer>	 QGam QGam/d5-dxc4/D21 16-deep pgn
<div>1. d4 d5 2. c4 dxc4 3. Nf3 b5 4. e3 Bb7 5. a4 b4 6. a5 e6 7. a6 Bd5 8. Nbd2 c3 9. bxc3 bxc3 10. Nb1 Bb4 11. Qa4+ Nc6 12. Bb5 Qd6 13. O-O Bxf3 14. gxf3 Ne7 15. Ba3 Bxa3 16. Rxa3 c2 17. Qxc2 Rb8</div><img src=1r2k2r_p1p1nppp_P1nqp3_1B6_3P4_R3PP2_2Q2P1P_1N3RK1_w_k_-_1_18+oriTrue.svg>	<div> 18. Rb3<br></div><a href=https://lichess.org/analysis/1r2k2r/p1p1nppp/P1nqp3/1B6/3P4/R3PP2/2Q2P1P/1N3RK1_w_k_-_1_18?color=white><br>0.7(0.5)&gt&gt0.9(0.5)<br></a><img src=1r2k2r_p1p1nppp_P1nqp3_1B6_3P4_1R2PP2_2Q2P1P_1N3RK1_b_k_-_2_18+oriTrue.svg><footer>2023-11-02 21:36:24</footer>	 QGam QGam/d5-dxc4/D21 18-deep pgn
<div>1. d4 d5 2. c4 dxc4 3. Nf3 b5 4. e3 Bb7 5. a4 b4 6. a5 e6 7. a6 Bd5 8. Nbd2 c3 9. bxc3 bxc3 10. Nb1 Bb4 11. Qa4+ Nc6 12. Bb5 Qd6</div><img src=r3k1nr_p1p2ppp_P1nqp3_1B1b4_Qb1P4_2p1PN2_5PPP_RNB1K2R_w_KQkq_-_6_13+oriTrue.svg>	<div> 13. O-O<br></div><a href=https://lichess.org/analysis/r3k1nr/p1p2ppp/P1nqp3/1B1b4/Qb1P4/2p1PN2/5PPP/RNB1K2R_w_KQkq_-_6_13?color=white><br>1.0(0.5)&gt&gt1.3(0.5)<br></a><img src=r3k1nr_p1p2ppp_P1nqp3_1B1b4_Qb1P4_2p1PN2_5PPP_RNB2RK1_b_kq_-_7_13+oriTrue.svg><footer>2023-11-02 21:36:24</footer>	 QGam QGam/d5-dxc4/D21 13-deep pgn
<div>1. d4 d5 2. c4 dxc4 3. Nf3 b5 4. e3 Bb7 5. a4 b4 6. a5 e6 7. a6 Bd5 8. Nbd2 c3 9. bxc3 bxc3 10. Nb1 Bb4 11. Qa4+ Nc6 12. Bb5 Qd6 13. O-O Ne7 <br>Zugfolge (5..8)</div><img src=r3k2r_p1p1nppp_P1nqp3_1B1b4_Qb1P4_2p1PN2_5PPP_RNB2RK1_w_kq_-_8_14+oriTrue.svg>	<div>14. Nxc3 Bxf3 15. Na2 Bxg2 16. Nxb4 Bf3 17. Nxc6 Bxc6 18. Ba3 Bxb5 19. Qxb5 Qd7 20. Qc5<br></div><a href=https://lichess.org/analysis/r3k2r/p1p1nppp/P1nqp3/1B1b4/Qb1P4/2p1PN2/5PPP/RNB2RK1_w_kq_-_8_14?color=white><br>0.3&gt&gt1.6(0.5)<br></a><img src=r3k2r_p1pqnppp_P3p3_2Q5_3P4_B3P3_5P1P_R4RK1_b_kq_-_2_20+oriTrue.svg><footer>2023-11-02 21:36:24</footer>	 QGam QGam/d5-dxc4/D21 14-deep seq
<div>1. d4 d5 2. c4 dxc4 3. Nf3 b5 4. e3 Bb7 5. a4 b4 6. a5 e6 7. a6 Bd5 8. Nbd2 c3 9. bxc3 bxc3 10. Nb1 Bb4 11. Qa4+ Nc6 12. Bb5 Qd6 13. O-O Ne7 14. Nxc3 Bxf3 15. Na2 Bxg2 16. Nxb4 Bf3 17. Nxc6 Bxc6 18. Ba3 Bxb5 19. Qxb5 Qd7 20. Qc5 f5</div><img src=r3k2r_p1pqn1pp_P3p3_2Q2p2_3P4_B3P3_5P1P_R4RK1_w_kq_-_0_21+oriTrue.svg>	<div> 21. Rfb1<br></div><a href=https://lichess.org/analysis/r3k2r/p1pqn1pp/P3p3/2Q2p2/3P4/B3P3/5P1P/R4RK1_w_kq_-_0_21?color=white><br>1.6(0.5)&gt&gt1.3(0.5)<br></a><img src=r3k2r_p1pqn1pp_P3p3_2Q2p2_3P4_B3P3_5P1P_RR4K1_b_kq_-_1_21+oriTrue.svg><footer>2023-11-02 21:36:24</footer>	 QGam QGam/d5-dxc4/D21 21-deep pgn
<div>1. d4 d5 2. c4 dxc4 3. Nf3 b5 4. e3 Bb7 5. a4 b4 6. a5 Nd7</div><img src=r2qkbnr_pbpnpppp_8_P7_1ppP4_4PN2_1P3PPP_RNBQKB1R_w_KQkq_-_1_7+oriTrue.svg>	<div> 7. Bxc4<br></div><a href=https://lichess.org/analysis/r2qkbnr/pbpnpppp/8/P7/1ppP4/4PN2/1P3PPP/RNBQKB1R_w_KQkq_-_1_7?color=white><br>0.9(0.5)&gt&gt0.8<br></a><img src=r2qkbnr_pbpnpppp_8_P7_1pBP4_4PN2_1P3PPP_RNBQK2R_b_KQkq_-_0_7+oriTrue.svg><footer>2023-11-02 21:36:24</footer>	 QGam QGam/d5-dxc4/D21 7-deep pgn
<div>1. d4 d5 2. c4 dxc4 3. Nf3 b5 4. e3 Bb7 5. a4 b4 6. a5 Nf6</div><img src=rn1qkb1r_pbp1pppp_5n2_P7_1ppP4_4PN2_1P3PPP_RNBQKB1R_w_KQkq_-_1_7+oriTrue.svg>	<div> 7. Bxc4<br></div><a href=https://lichess.org/analysis/rn1qkb1r/pbp1pppp/5n2/P7/1ppP4/4PN2/1P3PPP/RNBQKB1R_w_KQkq_-_1_7?color=white><br>0.9(0.5)&gt&gt1.0<br></a><img src=rn1qkb1r_pbp1pppp_5n2_P7_1pBP4_4PN2_1P3PPP_RNBQK2R_b_KQkq_-_0_7+oriTrue.svg><footer>2023-11-02 21:36:24</footer>	 QGam QGam/d5-dxc4/D21 7-deep pgn
<div>1. d4 d5 2. c4 dxc4 3. Nf3 b5 4. e3 Bb7 5. a4 c6</div><img src=rn1qkbnr_pb2pppp_2p5_1p6_P1pP4_4PN2_1P3PPP_RNBQKB1R_w_KQkq_-_0_6+oriTrue.svg>	<div> 6. b3<br></div><a href=https://lichess.org/analysis/rn1qkbnr/pb2pppp/2p5/1p6/P1pP4/4PN2/1P3PPP/RNBQKB1R_w_KQkq_-_0_6?color=white><br>0.7&gt&gt0.8<br></a><img src=rn1qkbnr_pb2pppp_2p5_1p6_P1pP4_1P2PN2_5PPP_RNBQKB1R_b_KQkq_-_0_6+oriTrue.svg><footer>2023-11-02 21:36:24</footer>	 QGam QGam/d5-dxc4/D21 6-deep pgn
<div>1. d4 d5 2. c4 dxc4 3. Nf3 b5 4. e3 Bb7 5. a4 c6 6. b3 Qa5+ 7. Bd2 b4</div><img src=rn2kbnr_pb2pppp_2p5_q7_PppP4_1P2PN2_3B1PPP_RN1QKB1R_w_KQkq_-_0_8+oriTrue.svg>	<div> 8. Bxc4<br></div><a href=https://lichess.org/analysis/rn2kbnr/pb2pppp/2p5/q7/PppP4/1P2PN2/3B1PPP/RN1QKB1R_w_KQkq_-_0_8?color=white><br>1.1(0.5)&gt&gt1.0(0.5)<br></a><img src=rn2kbnr_pb2pppp_2p5_q7_PpBP4_1P2PN2_3B1PPP_RN1QK2R_b_KQkq_-_0_8+oriTrue.svg><footer>2023-11-02 21:36:24</footer>	 QGam QGam/d5-dxc4/D21 8-deep pgn
<div>1. d4 d5 2. c4 dxc4 3. Nf3 b5 4. e3 c6</div><img src=rnbqkbnr_p3pppp_2p5_1p6_2pP4_4PN2_PP3PPP_RNBQKB1R_w_KQkq_-_0_5+oriTrue.svg>	<div> 5. a4<br></div><a href=https://lichess.org/analysis/rnbqkbnr/p3pppp/2p5/1p6/2pP4/4PN2/PP3PPP/RNBQKB1R_w_KQkq_-_0_5?color=white><br>0.6&gt&gt0.6<br></a><img src=rnbqkbnr_p3pppp_2p5_1p6_P1pP4_4PN2_1P3PPP_RNBQKB1R_b_KQkq_-_0_5+oriTrue.svg><footer>2023-11-02 21:36:24</footer>	 QGam QGam/d5-dxc4/D21 5-deep pgn
<div>1. d4 d5 2. c4 dxc4 3. Nf3 b5 4. e3 c6 5. a4 e6 6. b3 Bb4+</div><img src=rnbqk1nr_p4ppp_2p1p3_1p6_PbpP4_1P2PN2_5PPP_RNBQKB1R_w_KQkq_-_1_7+oriTrue.svg>	<div> 7. Bd2<br></div><a href=https://lichess.org/analysis/rnbqk1nr/p4ppp/2p1p3/1p6/PbpP4/1P2PN2/5PPP/RNBQKB1R_w_KQkq_-_1_7?color=white><br>0.4&gt&gt0.3<br></a><img src=rnbqk1nr_p4ppp_2p1p3_1p6_PbpP4_1P2PN2_3B1PPP_RN1QKB1R_b_KQkq_-_2_7+oriTrue.svg><footer>2023-11-02 21:36:24</footer>	 QGam QGam/d5-dxc4/D21 7-deep pgn
<div>1. d4 d5 2. c4 dxc4 3. Nf3 b5 4. e3 c6 5. a4 e6 6. b3 Bb4+ 7. Bd2 Bxd2 8. Nfxd2 cxb3 9. Qxb3 bxa4</div><img src=rnbqk1nr_p4ppp_2p1p3_8_p2P4_1Q2P3_3N1PPP_RN2KB1R_w_KQkq_-_0_10+oriTrue.svg>	<div> 10. Rxa4<br></div><a href=https://lichess.org/analysis/rnbqk1nr/p4ppp/2p1p3/8/p2P4/1Q2P3/3N1PPP/RN2KB1R_w_KQkq_-_0_10?color=white><br>0.4&gt&gt0.5<br></a><img src=rnbqk1nr_p4ppp_2p1p3_8_R2P4_1Q2P3_3N1PPP_1N2KB1R_b_Kkq_-_0_10+oriTrue.svg><footer>2023-11-02 21:36:24</footer>	 QGam QGam/d5-dxc4/D21 10-deep pgn
<div>1. d4 d5 2. c4 dxc4 3. Nf3 b5 4. e3 c6 5. a4 Nf6</div><img src=rnbqkb1r_p3pppp_2p2n2_1p6_P1pP4_4PN2_1P3PPP_RNBQKB1R_w_KQkq_-_1_6+oriTrue.svg>	<div> 6. b3<br></div><a href=https://lichess.org/analysis/rnbqkb1r/p3pppp/2p2n2/1p6/P1pP4/4PN2/1P3PPP/RNBQKB1R_w_KQkq_-_1_6?color=white><br>0.6&gt&gt0.6<br></a><img src=rnbqkb1r_p3pppp_2p2n2_1p6_P1pP4_1P2PN2_5PPP_RNBQKB1R_b_KQkq_-_0_6+oriTrue.svg><footer>2023-11-02 21:36:24</footer>	 QGam QGam/d5-dxc4/D21 6-deep pgn
<div>1. d4 d5 2. c4 dxc4 3. Nf3 b5 4. e3 c6 5. a4 Nf6 6. b3 e6 <br>Zugfolge (2..3)</div><img src=rnbqkb1r_p4ppp_2p1pn2_1p6_P1pP4_1P2PN2_5PPP_RNBQKB1R_w_KQkq_-_0_7+oriTrue.svg>	<div>7. bxc4 bxc4 8. Bxc4<br></div><a href=https://lichess.org/analysis/rnbqkb1r/p4ppp/2p1pn2/1p6/P1pP4/1P2PN2/5PPP/RNBQKB1R_w_KQkq_-_0_7?color=white><br>0.3&gt&gt0.7<br></a><img src=rnbqkb1r_p4ppp_2p1pn2_8_P1BP4_4PN2_5PPP_RNBQK2R_b_KQkq_-_0_8+oriTrue.svg><footer>2023-11-02 21:36:24</footer>	 QGam QGam/d5-dxc4/D21 7-deep seq
<div>1. d4 d5 2. c4 dxc4 3. Nf3 b5 4. e3 c6 5. a4 Nd7</div><img src=r1bqkbnr_p2npppp_2p5_1p6_P1pP4_4PN2_1P3PPP_RNBQKB1R_w_KQkq_-_1_6+oriTrue.svg>	<div> 6. b3<br></div><a href=https://lichess.org/analysis/r1bqkbnr/p2npppp/2p5/1p6/P1pP4/4PN2/1P3PPP/RNBQKB1R_w_KQkq_-_1_6?color=white><br>0.6&gt&gt0.7(0.5)<br></a><img src=r1bqkbnr_p2npppp_2p5_1p6_P1pP4_1P2PN2_5PPP_RNBQKB1R_b_KQkq_-_0_6+oriTrue.svg><footer>2023-11-02 21:36:24</footer>	 QGam QGam/d5-dxc4/D21 6-deep pgn
<div>1. d4 d5 2. c4 dxc4 3. Nf3 b5 4. e3 c6 5. a4 Nd7 6. b3 Qa5+ 7. Bd2 b4</div><img src=r1b1kbnr_p2npppp_2p5_q7_PppP4_1P2PN2_3B1PPP_RN1QKB1R_w_KQkq_-_0_8+oriTrue.svg>	<div> 8. Bxc4<br></div><a href=https://lichess.org/analysis/r1b1kbnr/p2npppp/2p5/q7/PppP4/1P2PN2/3B1PPP/RN1QKB1R_w_KQkq_-_0_8?color=white><br>0.8(0.5)&gt&gt0.9(0.5)<br></a><img src=r1b1kbnr_p2npppp_2p5_q7_PpBP4_1P2PN2_3B1PPP_RN1QK2R_b_KQkq_-_0_8+oriTrue.svg><footer>2023-11-02 21:36:24</footer>	 QGam QGam/d5-dxc4/D21 8-deep pgn
<div>1. d4 d5 2. c4 dxc4 3. Nf3 b5 4. e3 c6 5. a4 a5</div><img src=rnbqkbnr_4pppp_2p5_pp6_P1pP4_4PN2_1P3PPP_RNBQKB1R_w_KQkq_-_0_6+oriTrue.svg>	<div> 6. Ne5 {Oder Nc3, b3, axb5}<br></div><a href=https://lichess.org/analysis/rnbqkbnr/4pppp/2p5/pp6/P1pP4/4PN2/1P3PPP/RNBQKB1R_w_KQkq_-_0_6?color=white><br>0.6&gt&gt0.8(0.5)<br></a><img src=rnbqkbnr_4pppp_2p5_pp2N3_P1pP4_4P3_1P3PPP_RNBQKB1R_b_KQkq_-_1_6+oriTrue.svg><footer>2023-11-02 21:36:24</footer>	 QGam QGam/d5-dxc4/D21 6-deep pgn
<div>1. d4 d5 2. c4 dxc4 3. Nf3 b5 4. e3 c6 5. a4 a5 6. Ne5 Nh6</div><img src=rnbqkb1r_4pppp_2p4n_pp2N3_P1pP4_4P3_1P3PPP_RNBQKB1R_w_KQkq_-_2_7+oriTrue.svg>	<div> 7. b3<br></div><a href=https://lichess.org/analysis/rnbqkb1r/4pppp/2p4n/pp2N3/P1pP4/4P3/1P3PPP/RNBQKB1R_w_KQkq_-_2_7?color=white><br>0.8(0.5)&gt&gt0.7(0.5)<br></a><img src=rnbqkb1r_4pppp_2p4n_pp2N3_P1pP4_1P2P3_5PPP_RNBQKB1R_b_KQkq_-_0_7+oriTrue.svg><footer>2023-11-02 21:36:24</footer>	 QGam QGam/d5-dxc4/D21 7-deep pgn
<div>1. d4 d5 2. c4 dxc4 3. Nf3 b5 4. e3 c6 5. a4 a5 6. Ne5 Nh6 7. b3 f6 8. Nf3 e5 <br>Zugfolge (2..3)</div><img src=rnbqkb1r_6pp_2p2p1n_pp2p3_P1pP4_1P2PN2_5PPP_RNBQKB1R_w_KQkq_-_0_9+oriTrue.svg>	<div>9. axb5 cxb5 10. bxc4<br></div><a href=https://lichess.org/analysis/rnbqkb1r/6pp/2p2p1n/pp2p3/P1pP4/1P2PN2/5PPP/RNBQKB1R_w_KQkq_-_0_9?color=white><br>0.3&gt&gt1.9(0.5)<br></a><img src=rnbqkb1r_6pp_5p1n_pp2p3_2PP4_4PN2_5PPP_RNBQKB1R_b_KQkq_-_0_10+oriTrue.svg><footer>2023-11-02 21:36:24</footer>	 QGam QGam/d5-dxc4/D21 9-deep seq
<div>1. d4 d5 2. c4 dxc4 3. Nf3 b5 4. e3 c6 5. a4 a5 6. Ne5 Nh6 7. b3 f6 8. Nf3 e5 9. axb5 cxb5 10. bxc4 exd4</div><img src=rnbqkb1r_6pp_5p1n_pp6_2Pp4_4PN2_5PPP_RNBQKB1R_w_KQkq_-_0_11+oriTrue.svg>	<div> 11. Nxd4<br></div><a href=https://lichess.org/analysis/rnbqkb1r/6pp/5p1n/pp6/2Pp4/4PN2/5PPP/RNBQKB1R_w_KQkq_-_0_11?color=white><br>1.9(0.5)&gt&gt1.9(0.5)<br></a><img src=rnbqkb1r_6pp_5p1n_pp6_2PN4_4P3_5PPP_RNBQKB1R_b_KQkq_-_0_11+oriTrue.svg><footer>2023-11-02 21:36:24</footer>	 QGam QGam/d5-dxc4/D21 11-deep pgn
<div>1. d4 d5 2. c4 dxc4 3. Nf3 b5 4. e3 c6 5. a4 a5 6. Ne5 Nh6 7. b3 f6 8. Nf3 e5 9. axb5 cxb5 10. bxc4 exd4 11. Nxd4 b4</div><img src=rnbqkb1r_6pp_5p1n_p7_1pPN4_4P3_5PPP_RNBQKB1R_w_KQkq_-_0_12+oriTrue.svg>	<div> 12. Qh5+<br></div><a href=https://lichess.org/analysis/rnbqkb1r/6pp/5p1n/p7/1pPN4/4P3/5PPP/RNBQKB1R_w_KQkq_-_0_12?color=white><br>1.9(0.5)&gt&gt0.9(0.5)<br></a><img src=rnbqkb1r_6pp_5p1n_p6Q_1pPN4_4P3_5PPP_RNB1KB1R_b_KQkq_-_1_12+oriTrue.svg><footer>2023-11-02 21:36:24</footer>	 QGam QGam/d5-dxc4/D21 12-deep pgn
<div>1. d4 d5 2. c4 dxc4 3. Nf3 b5 4. e3 c6 5. a4 a5 6. Ne5 Nh6 7. b3 f6 8. Nf3 e5 9. axb5 cxb5 10. bxc4 exd4 11. Nxd4 b4 12. Qh5+ Nf7</div><img src=rnbqkb1r_5npp_5p2_p6Q_1pPN4_4P3_5PPP_RNB1KB1R_w_KQkq_-_2_13+oriTrue.svg>	<div> 13. c5<br></div><a href=https://lichess.org/analysis/rnbqkb1r/5npp/5p2/p6Q/1pPN4/4P3/5PPP/RNB1KB1R_w_KQkq_-_2_13?color=white><br>0.9(0.5)&gt&gt1.0(0.5)<br></a><img src=rnbqkb1r_5npp_5p2_p1P4Q_1p1N4_4P3_5PPP_RNB1KB1R_b_KQkq_-_0_13+oriTrue.svg><footer>2023-11-02 21:36:24</footer>	 QGam QGam/d5-dxc4/D21 13-deep pgn
<div>1. d4 d5 2. c4 dxc4 3. Nf3 b5 4. e3 c6 5. a4 a5 6. Ne5 Nh6 7. b3 f6 8. Nf3 e5 9. axb5 cxb5 10. bxc4 exd4 11. Nxd4 b4 12. Qh5+ Nf7 13. c5 Ba6 <br>Zugfolge (3..5)</div><img src=rn1qkb1r_5npp_b4p2_p1P4Q_1p1N4_4P3_5PPP_RNB1KB1R_w_KQkq_-_1_14+oriTrue.svg>	<div>14. Qf3 Ra7 15. Bxa6 Rxa6 16. Qb7 Ne5 17. Qb5+<br></div><a href=https://lichess.org/analysis/rn1qkb1r/5npp/b4p2/p1P4Q/1p1N4/4P3/5PPP/RNB1KB1R_w_KQkq_-_1_14?color=white><br>0.3&gt&gt1.2(0.5)<br></a><img src=1n1qkb1r_6pp_r4p2_pQP1n3_1p1N4_4P3_5PPP_RNB1K2R_b_KQk_-_3_17+oriTrue.svg><footer>2023-11-02 21:36:24</footer>	 QGam QGam/d5-dxc4/D21 14-deep seq
<div>1. d4 d5 2. c4 dxc4 3. Nf3 b5 4. e3 c6 5. a4 a5 6. Ne5 Nf6</div><img src=rnbqkb1r_4pppp_2p2n2_pp2N3_P1pP4_4P3_1P3PPP_RNBQKB1R_w_KQkq_-_2_7+oriTrue.svg>	<div> 7. b3<br></div><a href=https://lichess.org/analysis/rnbqkb1r/4pppp/2p2n2/pp2N3/P1pP4/4P3/1P3PPP/RNBQKB1R_w_KQkq_-_2_7?color=white><br>0.8(0.5)&gt&gt0.2(0.5)<br></a><img src=rnbqkb1r_4pppp_2p2n2_pp2N3_P1pP4_1P2P3_5PPP_RNBQKB1R_b_KQkq_-_0_7+oriTrue.svg><footer>2023-11-02 21:36:24</footer>	 QGam QGam/d5-dxc4/D21 7-deep pgn
<div>1. d4 d5 2. c4 dxc4 3. Nf3 b5 4. e3 c6 5. a4 a5 6. Ne5 Nf6 7. b3 Nfd7</div><img src=rnbqkb1r_3npppp_2p5_pp2N3_P1pP4_1P2P3_5PPP_RNBQKB1R_w_KQkq_-_1_8+oriTrue.svg>	<div> 8. Nxd7<br></div><a href=https://lichess.org/analysis/rnbqkb1r/3npppp/2p5/pp2N3/P1pP4/1P2P3/5PPP/RNBQKB1R_w_KQkq_-_1_8?color=white><br>0.2(0.5)&gt&gt0.1(0.5)<br></a><img src=rnbqkb1r_3Npppp_2p5_pp6_P1pP4_1P2P3_5PPP_RNBQKB1R_b_KQkq_-_0_8+oriTrue.svg><footer>2023-11-02 21:36:24</footer>	 QGam QGam/d5-dxc4/D21 8-deep pgn
<div>1. d4 d5 2. c4 dxc4 3. Nf3 b5 4. e3 c6 5. a4 a5 6. Ne5 Nf6 7. b3 Nfd7 8. Nxd7 Nxd7</div><img src=r1bqkb1r_3npppp_2p5_pp6_P1pP4_1P2P3_5PPP_RNBQKB1R_w_KQkq_-_0_9+oriTrue.svg>	<div> 9. axb5<br></div><a href=https://lichess.org/analysis/r1bqkb1r/3npppp/2p5/pp6/P1pP4/1P2P3/5PPP/RNBQKB1R_w_KQkq_-_0_9?color=white><br>0.1(0.5)&gt&gt0.1(0.5)<br></a><img src=r1bqkb1r_3npppp_2p5_pP6_2pP4_1P2P3_5PPP_RNBQKB1R_b_KQkq_-_0_9+oriTrue.svg><footer>2023-11-02 21:36:24</footer>	 QGam QGam/d5-dxc4/D21 9-deep pgn
<div>1. d4 d5 2. c4 dxc4 3. Nf3 b5 4. e3 c6 5. a4 a5 6. Ne5 Nf6 7. b3 Nfd7 8. Nxd7 Nxd7 9. axb5 cxb5</div><img src=r1bqkb1r_3npppp_8_pp6_2pP4_1P2P3_5PPP_RNBQKB1R_w_KQkq_-_0_10+oriTrue.svg>	<div> 10. bxc4<br></div><a href=https://lichess.org/analysis/r1bqkb1r/3npppp/8/pp6/2pP4/1P2P3/5PPP/RNBQKB1R_w_KQkq_-_0_10?color=white><br>0.1(0.5)&gt&gt0.2(0.5)<br></a><img src=r1bqkb1r_3npppp_8_pp6_2PP4_4P3_5PPP_RNBQKB1R_b_KQkq_-_0_10+oriTrue.svg><footer>2023-11-02 21:36:24</footer>	 QGam QGam/d5-dxc4/D21 10-deep pgn
<div>1. d4 d5 2. c4 dxc4 3. Nf3 b5 4. e3 c6 5. a4 a5 6. Ne5 Nf6 7. b3 Nfd7 8. Nxd7 Nxd7 9. axb5 cxb5 10. bxc4 bxc4</div><img src=r1bqkb1r_3npppp_8_p7_2pP4_4P3_5PPP_RNBQKB1R_w_KQkq_-_0_11+oriTrue.svg>	<div> 11. Bxc4<br></div><a href=https://lichess.org/analysis/r1bqkb1r/3npppp/8/p7/2pP4/4P3/5PPP/RNBQKB1R_w_KQkq_-_0_11?color=white><br>0.2(0.5)&gt&gt0.2(0.5)<br></a><img src=r1bqkb1r_3npppp_8_p7_2BP4_4P3_5PPP_RNBQK2R_b_KQkq_-_0_11+oriTrue.svg><footer>2023-11-02 21:36:24</footer>	 QGam QGam/d5-dxc4/D21 11-deep pgn
<div>1. d4 d5 2. c4 dxc4 3. Nf3 b5 4. e3 c6 5. a4 a5 6. Ne5 e6</div><img src=rnbqkbnr_5ppp_2p1p3_pp2N3_P1pP4_4P3_1P3PPP_RNBQKB1R_w_KQkq_-_0_7+oriTrue.svg>	<div> 7. axb5<br></div><a href=https://lichess.org/analysis/rnbqkbnr/5ppp/2p1p3/pp2N3/P1pP4/4P3/1P3PPP/RNBQKB1R_w_KQkq_-_0_7?color=white><br>0.8(0.5)&gt&gt1.3(0.5)<br></a><img src=rnbqkbnr_5ppp_2p1p3_pP2N3_2pP4_4P3_1P3PPP_RNBQKB1R_b_KQkq_-_0_7+oriTrue.svg><footer>2023-11-02 21:36:24</footer>	 QGam QGam/d5-dxc4/D21 7-deep pgn
<div>1. d4 d5 2. c4 dxc4 3. Nf3 b5 4. e3 c6 5. a4 a5 6. Ne5 e6 7. axb5 cxb5 <br>Zugfolge (3..5)</div><img src=rnbqkbnr_5ppp_4p3_pp2N3_2pP4_4P3_1P3PPP_RNBQKB1R_w_KQkq_-_0_8+oriTrue.svg>	<div>8. Nxf7 Kxf7 9. Qf3 Nf6 10. Qxa8 Qc7 11. Qf3<br></div><a href=https://lichess.org/analysis/rnbqkbnr/5ppp/4p3/pp2N3/2pP4/4P3/1P3PPP/RNBQKB1R_w_KQkq_-_0_8?color=white><br>0.3&gt&gt0.7(0.5)<br></a><img src=1nb2b1r_2q2kpp_4pn2_pp6_2pP4_4PQ2_1P3PPP_RNB1KB1R_b_KQ_-_2_11+oriTrue.svg><footer>2023-11-02 21:36:24</footer>	 QGam QGam/d5-dxc4/D21 8-deep seq
<div>1. d4 d5 2. c4 dxc4 3. Nf3 b5 4. e3 c6 5. a4 Bb7</div><img src=rn1qkbnr_pb2pppp_2p5_1p6_P1pP4_4PN2_1P3PPP_RNBQKB1R_w_KQkq_-_1_6+oriTrue.svg>	<div> 6. b3<br></div><a href=https://lichess.org/analysis/rn1qkbnr/pb2pppp/2p5/1p6/P1pP4/4PN2/1P3PPP/RNBQKB1R_w_KQkq_-_1_6?color=white><br>0.6&gt&gt0.8<br></a><img src=rn1qkbnr_pb2pppp_2p5_1p6_P1pP4_1P2PN2_5PPP_RNBQKB1R_b_KQkq_-_0_6+oriTrue.svg><footer>2023-11-02 21:36:24</footer>	 QGam QGam/d5-dxc4/D21 6-deep pgn
<div>1. d4 d5 2. c4 dxc4 3. Nf3 b5 4. e3 c6 5. a4 Bb7 6. b3 Nd7 <br>Zugfolge (2..3)</div><img src=r2qkbnr_pb1npppp_2p5_1p6_P1pP4_1P2PN2_5PPP_RNBQKB1R_w_KQkq_-_1_7+oriTrue.svg>	<div>7. bxc4 bxc4 8. Bxc4<br></div><a href=https://lichess.org/analysis/r2qkbnr/pb1npppp/2p5/1p6/P1pP4/1P2PN2/5PPP/RNBQKB1R_w_KQkq_-_1_7?color=white><br>0.3&gt&gt0.7(0.5)<br></a><img src=r2qkbnr_pb1npppp_2p5_8_P1BP4_4PN2_5PPP_RNBQK2R_b_KQkq_-_0_8+oriTrue.svg><footer>2023-11-02 21:36:24</footer>	 QGam QGam/d5-dxc4/D21 7-deep seq
<div>1. d4 d5 2. c4 dxc4 3. Nf3 b5 4. e3 c6 5. a4 Bb7 6. b3 b4</div><img src=rn1qkbnr_pb2pppp_2p5_8_PppP4_1P2PN2_5PPP_RNBQKB1R_w_KQkq_-_0_7+oriTrue.svg>	<div> 7. Bxc4<br></div><a href=https://lichess.org/analysis/rn1qkbnr/pb2pppp/2p5/8/PppP4/1P2PN2/5PPP/RNBQKB1R_w_KQkq_-_0_7?color=white><br>0.8&gt&gt0.8(0.5)<br></a><img src=rn1qkbnr_pb2pppp_2p5_8_PpBP4_1P2PN2_5PPP_RNBQK2R_b_KQkq_-_0_7+oriTrue.svg><footer>2023-11-02 21:36:24</footer>	 QGam QGam/d5-dxc4/D21 7-deep pgn
<div>1. d4 d5 2. c4 dxc4 3. Nf3 b5 4. e3 c6 5. a4 Bb7 6. b3 e6 <br>Zugfolge (2..3)</div><img src=rn1qkbnr_pb3ppp_2p1p3_1p6_P1pP4_1P2PN2_5PPP_RNBQKB1R_w_KQkq_-_0_7+oriTrue.svg>	<div>7. bxc4 bxc4 8. Bxc4<br></div><a href=https://lichess.org/analysis/rn1qkbnr/pb3ppp/2p1p3/1p6/P1pP4/1P2PN2/5PPP/RNBQKB1R_w_KQkq_-_0_7?color=white><br>0.3&gt&gt0.9(0.5)<br></a><img src=rn1qkbnr_pb3ppp_2p1p3_8_P1BP4_4PN2_5PPP_RNBQK2R_b_KQkq_-_0_8+oriTrue.svg><footer>2023-11-02 21:36:24</footer>	 QGam QGam/d5-dxc4/D21 7-deep seq
<div>1. d4 d5 2. c4 dxc4 3. Nf3 b5 4. e3 a6</div><img src=rnbqkbnr_2p1pppp_p7_1p6_2pP4_4PN2_PP3PPP_RNBQKB1R_w_KQkq_-_0_5+oriTrue.svg>	<div> 5. a4<br></div><a href=https://lichess.org/analysis/rnbqkbnr/2p1pppp/p7/1p6/2pP4/4PN2/PP3PPP/RNBQKB1R_w_KQkq_-_0_5?color=white><br>0.6&gt&gt0.3<br></a><img src=rnbqkbnr_2p1pppp_p7_1p6_P1pP4_4PN2_1P3PPP_RNBQKB1R_b_KQkq_-_0_5+oriTrue.svg><footer>2023-11-02 21:36:24</footer>	 QGam QGam/d5-dxc4/D21 5-deep pgn
<div>1. d4 d5 2. c4 dxc4 3. Nf3 b5 4. e3 a6 5. a4 Bb7 6. b3 e6 <br>Zugfolge (2..3)</div><img src=rn1qkbnr_1bp2ppp_p3p3_1p6_P1pP4_1P2PN2_5PPP_RNBQKB1R_w_KQkq_-_0_7+oriTrue.svg>	<div>7. bxc4 bxc4 8. Bxc4<br></div><a href=https://lichess.org/analysis/rn1qkbnr/1bp2ppp/p3p3/1p6/P1pP4/1P2PN2/5PPP/RNBQKB1R_w_KQkq_-_0_7?color=white><br>0.3&gt&gt0.6<br></a><img src=rn1qkbnr_1bp2ppp_p3p3_8_P1BP4_4PN2_5PPP_RNBQK2R_b_KQkq_-_0_8+oriTrue.svg><footer>2023-11-02 21:36:24</footer>	 QGam QGam/d5-dxc4/D21 7-deep seq
<div>1. d4 d5 2. c4 dxc4 3. Nf3 b5 4. e3 a6 5. a4 c6</div><img src=rnbqkbnr_4pppp_p1p5_1p6_P1pP4_4PN2_1P3PPP_RNBQKB1R_w_KQkq_-_0_6+oriTrue.svg>	<div> 6. b3<br></div><a href=https://lichess.org/analysis/rnbqkbnr/4pppp/p1p5/1p6/P1pP4/4PN2/1P3PPP/RNBQKB1R_w_KQkq_-_0_6?color=white><br>0.3&gt&gt0.9<br></a><img src=rnbqkbnr_4pppp_p1p5_1p6_P1pP4_1P2PN2_5PPP_RNBQKB1R_b_KQkq_-_0_6+oriTrue.svg><footer>2023-11-02 21:36:24</footer>	 QGam QGam/d5-dxc4/D21 6-deep pgn
<div>1. d4 d5 2. c4 dxc4 3. Nf3 b5 4. e3 a6 5. a4 c6 6. b3 e6 <br>Zugfolge (2..3)</div><img src=rnbqkbnr_5ppp_p1p1p3_1p6_P1pP4_1P2PN2_5PPP_RNBQKB1R_w_KQkq_-_0_7+oriTrue.svg>	<div>7. bxc4 bxc4 8. Bxc4<br></div><a href=https://lichess.org/analysis/rnbqkbnr/5ppp/p1p1p3/1p6/P1pP4/1P2PN2/5PPP/RNBQKB1R_w_KQkq_-_0_7?color=white><br>0.3&gt&gt0.9(0.5)<br></a><img src=rnbqkbnr_5ppp_p1p1p3_8_P1BP4_4PN2_5PPP_RNBQK2R_b_KQkq_-_0_8+oriTrue.svg><footer>2023-11-02 21:36:24</footer>	 QGam QGam/d5-dxc4/D21 7-deep seq
<div>8. .. Nbd7 <br>Was ist Wei Antwort? (1..2)</div><img src=r2q1rk1_pbpnbppp_1p2pn2_3p2B1_2PP4_2NBPN2_PP3PPP_R2Q1RK1_w_-_-_2_9+oriTrue.svg>	<div>9. Bf4 Nh5 10. Be5<br></div><a href=https://lichess.org/analysis/r2q1rk1/pbpnbppp/1p2pn2/3p2B1/2PP4/2NBPN2/PP3PPP/R2Q1RK1_w_-_-_2_9?color=white><br>0.2&gt&gt0.1(0.5)<br></a><img src=r2q1rk1_pbpnbppp_1p2p3_3pB2n_2PP4_2NBPN2_PP3PPP_R2Q1RK1_b_-_-_5_10+oriTrue.svg><footer>2023-11-02 21:36:24</footer>	 QGam QGam/e6-Nf6-b6-d5/E12 9-deep fen CM2023/Stephan
<div>10. .. Qxe7 <br>Was ist Wei Antwort?</div><img src=r4rk1_pbpnqppp_1p2p3_3p4_2PPn3_2NBPN2_PP3PPP_2RQ1RK1_w_-_-_0_11+oriTrue.svg>	<div>11. cxd5<br></div><a href=https://lichess.org/analysis/r4rk1/pbpnqppp/1p2p3/3p4/2PPn3/2NBPN2/PP3PPP/2RQ1RK1_w_-_-_0_11?color=white><br>0.6&gt&gt0.7(0.5)<br></a><img src=r4rk1_pbpnqppp_1p2p3_3P4_3Pn3_2NBPN2_PP3PPP_2RQ1RK1_b_-_-_0_11+oriTrue.svg><footer>2023-11-02 21:36:24</footer>	 QGam QGam/e6-Nf6-b6-d5/E12 11-deep fen CM2023/Stephan
<div>11. .. f5 <br>Was ist Wei Antwort? (2..3)</div><img src=r4rk1_pbpnq1pp_1p2p3_3p1p2_2PPn3_2NBP3_PP1N1PPP_2RQ1RK1_w_-_-_0_12+oriTrue.svg>	<div>12. cxd5 Nxd2 13. Qxd2 exd5 14. Ne2 {Oder Rc2, Rfe1, Qc2.}<br></div><a href=https://lichess.org/analysis/r4rk1/pbpnq1pp/1p2p3/3p1p2/2PPn3/2NBP3/PP1N1PPP/2RQ1RK1_w_-_-_0_12?color=white><br>-0.1&gt&gt1.5(0.5)<br></a><img src=r4rk1_pbpnq1pp_1p6_3p1p2_3P4_3BP3_PP1QNPPP_2R2RK1_b_-_-_1_14+oriTrue.svg><footer>2023-11-02 21:36:24</footer>	 QGam QGam/e6-Nf6-b6-d5/E12 12-deep fen CM2023/Stephan
<div>14. .. Rad8 <br>Was ist Wei Antwort?</div><img src=3r1rk1_pbp1q1pp_1p2pn2_3p1p2_2PP4_3BPP2_PP1QN1PP_2R2RK1_w_-_-_3_15+oriTrue.svg>	<div>15. c5<br></div><a href=https://lichess.org/analysis/3r1rk1/pbp1q1pp/1p2pn2/3p1p2/2PP4/3BPP2/PP1QN1PP/2R2RK1_w_-_-_3_15?color=white><br>0.6&gt&gt1.6<br></a><img src=3r1rk1_pbp1q1pp_1p2pn2_2Pp1p2_3P4_3BPP2_PP1QN1PP_2R2RK1_b_-_-_0_15+oriTrue.svg><footer>2023-11-02 21:36:24</footer>	 QGam QGam/e6-Nf6-b6-d5/E12 15-deep fen CM2023/Stephan
<div>15. .. Bc8 <br>Was ist Wei Antwort?</div><img src=2br1rk1_p1p1q1pp_1p2pn2_2Pp1p2_3P4_3BPP2_PP1QN1PP_2R2RK1_w_-_-_1_16+oriTrue.svg>	<div>16. Rc3<br></div><a href=https://lichess.org/analysis/2br1rk1/p1p1q1pp/1p2pn2/2Pp1p2/3P4/3BPP2/PP1QN1PP/2R2RK1_w_-_-_1_16?color=white><br>1.6&gt&gt1.8<br></a><img src=2br1rk1_p1p1q1pp_1p2pn2_2Pp1p2_3P4_2RBPP2_PP1QN1PP_5RK1_b_-_-_2_16+oriTrue.svg><footer>2023-11-02 21:36:24</footer>	 QGam QGam/e6-Nf6-b6-d5/E12 16-deep fen CM2023/Stephan
<div>17. .. Qxe5 <br>Was ist Wei Antwort? (2..3)</div><img src=2br1rk1_p1p3pp_1p3n2_2Ppqp2_8_2RBPP2_PP1QN1PP_5RK1_w_-_-_0_18+oriTrue.svg>	<div>18. Rfc1 Rfe8 19. cxb6 cxb6 20. Rc7<br></div><a href=https://lichess.org/analysis/2br1rk1/p1p3pp/1p3n2/2Ppqp2/8/2RBPP2/PP1QN1PP/5RK1_w_-_-_0_18?color=white><br>2.2&gt&gt2.1(0.5)<br></a><img src=2brr1k1_p1R3pp_1p3n2_3pqp2_8_3BPP2_PP1QN1PP_2R3K1_b_-_-_1_20+oriTrue.svg><footer>2023-11-02 21:36:24</footer>	 QGam QGam/e6-Nf6-b6-d5/E12 18-deep fen CM2023/Stephan
<div>20. .. Nd7 <br>Was ist Wei Antwort? (3..5)</div><img src=2b1rrk1_p1pn2pp_8_2Rpqp2_3N4_4PP2_PP1Q2PP_1B3RK1_w_-_-_1_21+oriTrue.svg>	<div>21. f4 Qxe3 22. Qxe3 Rxe3 23. Rxc7 Nf6 24. Rfc1<br></div><a href=https://lichess.org/analysis/2b1rrk1/p1pn2pp/8/2Rpqp2/3N4/4PP2/PP1Q2PP/1B3RK1_w_-_-_1_21?color=white><br>2.4&gt&gt4.2(0.5)<br></a><img src=2b2rk1_p1R3pp_5n2_3p1p2_3N1P2_4r3_PP4PP_1BR3K1_b_-_-_2_24+oriTrue.svg><footer>2023-11-02 21:36:24</footer>	 QGam QGam/e6-Nf6-b6-d5/E12 21-deep fen CM2023/Stephan
<div>23. .. Nf6 <br>Was ist Wei Antwort? (1..2)</div><img src=2b1rrk1_R6p_5np1_2ppqp2_8_4PP2_PPNQ2PP_1B3RK1_w_-_-_2_24+oriTrue.svg>	<div>24. b4 cxb4 25. Qxb4<br></div><a href=https://lichess.org/analysis/2b1rrk1/R6p/5np1/2ppqp2/8/4PP2/PPNQ2PP/1B3RK1_w_-_-_2_24?color=white><br>1.2&gt&gt1.6(0.5)<br></a><img src=2b1rrk1_R6p_5np1_3pqp2_1Q6_4PP2_P1N3PP_1B3RK1_b_-_-_0_25+oriTrue.svg><footer>2023-11-02 21:36:24</footer>	 QGam QGam/e6-Nf6-b6-d5/E12 24-deep fen CM2023/Stephan
<div>25. .. c4 <br>Was ist Wei Antwort?</div><img src=2b1rrk1_7p_3q1np1_R2p1p2_2p5_2Q1PP2_PPN3PP_1B3RK1_w_-_-_0_26+oriTrue.svg>	<div>26. Qd4<br></div><a href=https://lichess.org/analysis/2b1rrk1/7p/3q1np1/R2p1p2/2p5/2Q1PP2/PPN3PP/1B3RK1_w_-_-_0_26?color=white><br>1.8(0.5)&gt&gt2.1(0.5)<br></a><img src=2b1rrk1_7p_3q1np1_R2p1p2_2pQ4_4PP2_PPN3PP_1B3RK1_b_-_-_1_26+oriTrue.svg><footer>2023-11-02 21:36:24</footer>	 QGam QGam/e6-Nf6-b6-d5/E12 26-deep fen CM2023/Stephan
<div>26. .. Qb6 <br>Was ist Wei Antwort?</div><img src=2b1rrk1_7p_1q3np1_R2p1p2_2pN4_2Q1PP2_PP4PP_1B3RK1_w_-_-_2_27+oriTrue.svg>	<div>27. Rb5<br></div><a href=https://lichess.org/analysis/2b1rrk1/7p/1q3np1/R2p1p2/2pN4/2Q1PP2/PP4PP/1B3RK1_w_-_-_2_27?color=white><br>0.7&gt&gt1.7(0.5)<br></a><img src=2b1rrk1_7p_1q3np1_1R1p1p2_2pN4_2Q1PP2_PP4PP_1B3RK1_b_-_-_3_27+oriTrue.svg><footer>2023-11-02 21:36:24</footer>	 QGam QGam/e6-Nf6-b6-d5/E12 27-deep fen CM2023/Stephan
<div>28. .. Rfe8 <br>Was ist Wei Antwort?</div><img src=2b1r1k1_4r2p_1q3np1_3p1p2_2pN4_R3PP2_PP1Q2PP_1B3RK1_w_-_-_6_29+oriTrue.svg>	<div>29. f4<br></div><a href=https://lichess.org/analysis/2b1r1k1/4r2p/1q3np1/3p1p2/2pN4/R3PP2/PP1Q2PP/1B3RK1_w_-_-_6_29?color=white><br>1.0&gt&gt1.6(0.5)<br></a><img src=2b1r1k1_4r2p_1q3np1_3p1p2_2pN1P2_R3P3_PP1Q2PP_1B3RK1_b_-_-_0_29+oriTrue.svg><footer>2023-11-02 21:36:24</footer>	 QGam QGam/e6-Nf6-b6-d5/E12 29-deep fen CM2023/Stephan
